competition_format,home_rank,away_rank,home_goals_avg,away_goals_avg,home_conceded_avg,away_conceded_avg,home_wins_last5,away_wins_last5,home_yellow_avg,away_yellow_avg,home_red_avg,away_red_avg,home_fouls_avg,away_fouls_avg,home_assists_avg,away_assists_avg,home_rating_avg,away_rating_avg,is_neutral_venue,result_encoded
2,11,7,0.4,0.57,2.65,0.75,1,2,1.99,1.97,0.31,0.12,10.45,7.86,0.74,0.3,2.77,3.7,0,1
2,13,13,1.12,0.66,2.15,3.32,2,2,2.32,0.68,0.27,0.11,17.65,8.45,0.42,0.83,2.43,2.65,0,0
2,1,13,3.01,0.9,1.02,2.66,5,1,2.62,0.66,0.08,0.19,11.31,17.95,0.77,0.55,4.5,2.86,1,1
0,2,1,1.47,1.06,0.37,0.92,5,4,2.26,1.49,0.31,0.34,17.83,8.9,1.59,0.95,3.31,5.0,1,2
2,13,7,0.9,1.83,2.66,0.59,1,3,0.66,2.92,0.19,0.29,17.95,12.05,0.55,1.34,2.86,2.82,1,1
0,1,6,3.01,1.74,1.02,0.53,5,4,2.62,1.85,0.08,0.39,11.31,11.89,0.77,0.23,4.5,3.47,0,2
0,13,3,0.66,2.07,3.32,1.29,2,4,0.68,2.26,0.11,0.02,8.45,7.96,0.83,0.82,2.65,3.38,1,1
1,3,14,2.07,0.37,1.29,1.97,4,0,2.26,1.0,0.02,0.32,7.96,12.08,0.82,0.25,3.38,2.27,0,2
1,5,8,2.36,1.08,1.47,0.92,3,2,0.58,2.81,0.16,0.22,8.48,16.2,0.6,0.93,4.78,2.61,1,2
0,2,5,1.47,2.36,0.37,1.47,5,3,2.26,0.58,0.31,0.16,17.83,8.48,1.59,0.6,3.31,4.78,1,1
2,13,6,0.9,1.42,2.66,1.81,1,2,0.66,2.9,0.19,0.04,17.95,7.42,0.55,1.14,2.86,3.97,0,0
1,13,8,1.12,2.08,2.15,2.13,2,2,2.32,1.75,0.27,0.09,17.65,16.86,0.42,1.37,2.43,3.0,0,0
0,2,11,0.48,1.09,1.06,2.61,4,2,1.84,1.05,0.13,0.5,13.33,11.62,0.49,0.24,4.24,2.27,0,1
1,2,1,1.32,1.06,0.95,0.92,4,4,2.79,1.49,0.23,0.34,8.44,8.9,0.77,0.95,4.57,5.0,1,1
0,11,7,0.4,0.57,2.65,0.75,1,2,1.99,1.97,0.31,0.12,10.45,7.86,0.74,0.3,2.77,3.7,0,1
0,11,2,1.48,1.32,2.59,0.95,1,4,1.1,2.79,0.33,0.23,7.79,8.44,0.27,0.77,3.23,4.57,1,0
0,6,7,1.74,1.34,0.53,1.71,4,4,1.85,0.98,0.39,0.05,11.89,10.6,0.23,0.86,3.47,3.57,1,2
0,14,1,0.37,3.01,1.97,1.02,0,5,1.0,2.62,0.32,0.08,12.08,11.31,0.25,0.77,2.27,4.5,0,0
2,8,2,1.08,1.47,0.92,0.37,2,5,2.81,2.26,0.22,0.31,16.2,17.83,0.93,1.59,2.61,3.31,1,1
1,13,11,0.66,1.09,3.32,2.61,2,2,0.68,1.05,0.11,0.5,8.45,11.62,0.83,0.24,2.65,2.27,1,0
1,7,3,0.57,2.07,0.75,1.29,2,4,1.97,2.26,0.12,0.02,7.86,7.96,0.3,0.82,3.7,3.38,1,1
1,7,11,1.34,1.48,1.71,2.59,4,1,0.98,1.1,0.05,0.33,10.6,7.79,0.86,0.27,3.57,3.23,0,0
2,6,11,1.42,1.48,1.81,2.59,2,1,2.9,1.1,0.04,0.33,7.42,7.79,1.14,0.27,3.97,3.23,1,1
2,5,9,1.75,0.68,0.55,1.49,4,3,0.91,1.0,0.19,0.16,17.86,17.94,1.29,1.03,3.93,3.14,0,1
1,8,4,1.08,2.04,0.92,1.69,2,3,2.81,1.51,0.22,0.17,16.2,16.2,0.93,0.69,2.61,3.41,0,2
0,8,11,1.08,1.09,0.92,2.61,2,2,2.81,1.05,0.22,0.5,16.2,11.62,0.93,0.24,2.61,2.27,0,1
1,8,7,0.45,1.34,1.84,1.71,3,4,0.82,0.98,0.24,0.05,12.15,10.6,0.57,0.86,4.0,3.57,1,2
1,1,8,3.01,2.08,1.02,2.13,5,2,2.62,1.75,0.08,0.09,11.31,16.86,0.77,1.37,4.5,3.0,0,2
1,13,7,0.66,1.83,3.32,0.59,2,3,0.68,2.92,0.11,0.29,8.45,12.05,0.83,1.34,2.65,2.82,0,0
2,9,14,0.68,1.03,1.49,3.09,3,2,1.0,1.27,0.16,0.03,17.94,16.41,1.03,0.75,3.14,1.85,0,1
2,3,6,2.07,1.42,1.29,1.81,4,2,2.26,2.9,0.02,0.04,7.96,7.42,0.82,1.14,3.38,3.97,1,2
1,7,11,1.34,0.4,1.71,2.65,4,1,0.98,1.99,0.05,0.31,10.6,10.45,0.86,0.74,3.57,2.77,1,2
0,8,14,0.45,1.03,1.84,3.09,3,2,0.82,1.27,0.24,0.03,12.15,16.41,0.57,0.75,4.0,1.85,1,1
1,4,5,2.04,2.36,1.69,1.47,3,3,1.51,0.58,0.17,0.16,16.2,8.48,0.69,0.6,3.41,4.78,0,2
0,13,13,0.9,0.66,2.66,3.32,1,2,0.66,0.68,0.19,0.11,17.95,8.45,0.55,0.83,2.86,2.65,0,1
0,3,1,2.07,3.01,1.29,1.02,4,5,2.26,2.62,0.02,0.08,7.96,11.31,0.82,0.77,3.38,4.5,1,0
1,6,14,1.74,0.37,0.53,1.97,4,0,1.85,1.0,0.39,0.32,11.89,12.08,0.23,0.25,3.47,2.27,1,2
1,1,6,3.01,0.43,1.02,0.73,5,3,2.62,2.34,0.08,0.34,11.31,16.6,0.77,0.37,4.5,3.66,1,2
2,7,8,1.83,2.08,0.59,2.13,3,2,2.92,1.75,0.29,0.09,12.05,16.86,1.34,1.37,2.82,3.0,0,0
1,8,6,0.45,0.43,1.84,0.73,3,3,0.82,2.34,0.24,0.34,12.15,16.6,0.57,0.37,4.0,3.66,1,1
2,2,3,1.47,2.07,0.37,1.29,5,4,2.26,2.26,0.31,0.02,17.83,7.96,1.59,0.82,3.31,3.38,0,2
2,8,6,1.08,0.43,0.92,0.73,2,3,2.81,2.34,0.22,0.34,16.2,16.6,0.93,0.37,2.61,3.66,1,2
1,14,2,0.37,1.32,1.97,0.95,0,4,1.0,2.79,0.32,0.23,12.08,8.44,0.25,0.77,2.27,4.57,0,1
1,13,8,0.66,2.08,3.32,2.13,2,2,0.68,1.75,0.11,0.09,8.45,16.86,0.83,1.37,2.65,3.0,1,1
1,14,7,0.56,0.57,3.31,0.75,1,2,2.46,1.97,0.23,0.12,10.5,7.86,0.82,0.3,2.7,3.7,0,1
0,4,14,2.04,0.37,1.69,1.97,3,0,1.51,1.0,0.17,0.32,16.2,12.08,0.69,0.25,3.41,2.27,0,2
2,5,3,2.36,2.07,1.47,1.29,3,4,0.58,2.26,0.16,0.02,8.48,7.96,0.6,0.82,4.78,3.38,0,1
0,1,2,3.01,1.32,1.02,0.95,5,4,2.62,2.79,0.08,0.23,11.31,8.44,0.77,0.77,4.5,4.57,0,2
0,11,13,1.09,1.12,2.61,2.15,2,2,1.05,2.32,0.5,0.27,11.62,17.65,0.24,0.42,2.27,2.43,1,1
0,8,1,2.08,3.01,2.13,1.02,2,5,1.75,2.62,0.09,0.08,16.86,11.31,1.37,0.77,3.0,4.5,0,2
0,1,8,1.06,1.08,0.92,0.92,4,2,1.49,2.81,0.34,0.22,8.9,16.2,0.95,0.93,5.0,2.61,0,0
2,2,3,0.48,0.45,1.06,1.26,4,4,1.84,1.35,0.13,0.08,13.33,17.44,0.49,0.9,4.24,3.37,1,2
1,8,13,0.45,1.12,1.84,2.15,3,2,0.82,2.32,0.24,0.27,12.15,17.65,0.57,0.42,4.0,2.43,1,1
2,14,9,0.56,0.68,3.31,1.49,1,3,2.46,1.0,0.23,0.16,10.5,17.94,0.82,1.03,2.7,3.14,1,1
0,11,2,1.48,1.32,2.59,0.95,1,4,1.1,2.79,0.33,0.23,7.79,8.44,0.27,0.77,3.23,4.57,0,0
2,7,14,1.83,1.03,0.59,3.09,3,2,2.92,1.27,0.29,0.03,12.05,16.41,1.34,0.75,2.82,1.85,1,0
0,13,11,0.9,0.37,2.66,1.12,1,2,0.66,1.41,0.19,0.19,17.95,7.72,0.55,0.41,2.86,3.24,1,1
2,13,7,0.66,1.34,3.32,1.71,2,4,0.68,0.98,0.11,0.05,8.45,10.6,0.83,0.86,2.65,3.57,0,1
1,5,14,2.36,0.56,1.47,3.31,3,1,0.58,2.46,0.16,0.23,8.48,10.5,0.6,0.82,4.78,2.7,0,1
0,8,14,0.45,1.03,1.84,3.09,3,2,0.82,1.27,0.24,0.03,12.15,16.41,0.57,0.75,4.0,1.85,1,0
1,11,8,1.09,1.08,2.61,0.92,2,2,1.05,2.81,0.5,0.22,11.62,16.2,0.24,0.93,2.27,2.61,1,1
1,14,7,0.56,0.57,3.31,0.75,1,2,2.46,1.97,0.23,0.12,10.5,7.86,0.82,0.3,2.7,3.7,1,1
1,13,14,1.12,0.56,2.15,3.31,2,1,2.32,2.46,0.27,0.23,17.65,10.5,0.42,0.82,2.43,2.7,0,1
0,1,11,3.01,0.37,1.02,1.12,5,2,2.62,1.41,0.08,0.19,11.31,7.72,0.77,0.41,4.5,3.24,1,2
1,7,9,1.83,0.68,0.59,1.49,3,3,2.92,1.0,0.29,0.16,12.05,17.94,1.34,1.03,2.82,3.14,0,2
0,2,11,0.48,0.37,1.06,1.12,4,2,1.84,1.41,0.13,0.19,13.33,7.72,0.49,0.41,4.24,3.24,0,0
2,7,11,0.57,1.09,0.75,2.61,2,2,1.97,1.05,0.12,0.5,7.86,11.62,0.3,0.24,3.7,2.27,1,1
1,11,8,1.09,0.45,2.61,1.84,2,3,1.05,0.82,0.5,0.24,11.62,12.15,0.24,0.57,2.27,4.0,1,1
0,1,8,1.06,0.45,0.92,1.84,4,3,1.49,0.82,0.34,0.24,8.9,12.15,0.95,0.57,5.0,4.0,1,1
0,8,14,1.08,0.37,0.92,1.97,2,0,2.81,1.0,0.22,0.32,16.2,12.08,0.93,0.25,2.61,2.27,1,1
2,7,7,0.57,1.83,0.75,0.59,2,3,1.97,2.92,0.12,0.29,7.86,12.05,0.3,1.34,3.7,2.82,0,1
2,2,14,1.47,1.03,0.37,3.09,5,2,2.26,1.27,0.31,0.03,17.83,16.41,1.59,0.75,3.31,1.85,1,0
0,7,14,1.34,0.56,1.71,3.31,4,1,0.98,2.46,0.05,0.23,10.6,10.5,0.86,0.82,3.57,2.7,0,1
0,5,11,2.36,0.37,1.47,1.12,3,2,0.58,1.41,0.16,0.19,8.48,7.72,0.6,0.41,4.78,3.24,0,2
0,7,8,1.34,0.45,1.71,1.84,4,3,0.98,0.82,0.05,0.24,10.6,12.15,0.86,0.57,3.57,4.0,0,1
2,1,14,1.06,1.03,0.92,3.09,4,2,1.49,1.27,0.34,0.03,8.9,16.41,0.95,0.75,5.0,1.85,0,2
1,4,11,2.04,1.48,1.69,2.59,3,1,1.51,1.1,0.17,0.33,16.2,7.79,0.69,0.27,3.41,3.23,0,1
0,2,2,1.47,1.32,0.37,0.95,5,4,2.26,2.79,0.31,0.23,17.83,8.44,1.59,0.77,3.31,4.57,0,1
1,14,11,0.56,0.4,3.31,2.65,1,1,2.46,1.99,0.23,0.31,10.5,10.45,0.82,0.74,2.7,2.77,1,1
2,1,8,3.01,2.08,1.02,2.13,5,2,2.62,1.75,0.08,0.09,11.31,16.86,0.77,1.37,4.5,3.0,1,0
2,13,6,0.66,1.74,3.32,0.53,2,4,0.68,1.85,0.11,0.39,8.45,11.89,0.83,0.23,2.65,3.47,1,2
2,8,11,1.08,0.4,0.92,2.65,2,1,2.81,1.99,0.22,0.31,16.2,10.45,0.93,0.74,2.61,2.77,0,2
0,2,11,1.32,1.48,0.95,2.59,4,1,2.79,1.1,0.23,0.33,8.44,7.79,0.77,0.27,4.57,3.23,1,1
1,2,11,1.32,0.37,0.95,1.12,4,2,2.79,1.41,0.23,0.19,8.44,7.72,0.77,0.41,4.57,3.24,1,2
2,6,13,1.74,0.9,0.53,2.66,4,1,1.85,0.66,0.39,0.19,11.89,17.95,0.23,0.55,3.47,2.86,0,2
2,1,8,3.01,0.45,1.02,1.84,5,3,2.62,0.82,0.08,0.24,11.31,12.15,0.77,0.57,4.5,4.0,1,2
1,14,3,1.03,0.45,3.09,1.26,2,4,1.27,1.35,0.03,0.08,16.41,17.44,0.75,0.9,1.85,3.37,1,1
2,1,9,1.06,0.68,0.92,1.49,4,3,1.49,1.0,0.34,0.16,8.9,17.94,0.95,1.03,5.0,3.14,1,1
2,2,7,0.48,1.34,1.06,1.71,4,4,1.84,0.98,0.13,0.05,13.33,10.6,0.49,0.86,4.24,3.57,1,1
1,7,3,0.57,2.07,0.75,1.29,2,4,1.97,2.26,0.12,0.02,7.86,7.96,0.3,0.82,3.7,3.38,1,0
2,7,6,1.34,1.42,1.71,1.81,4,2,0.98,2.9,0.05,0.04,10.6,7.42,0.86,1.14,3.57,3.97,0,1
0,6,3,1.74,0.45,0.53,1.26,4,4,1.85,1.35,0.39,0.08,11.89,17.44,0.23,0.9,3.47,3.37,1,2
2,3,8,2.07,0.45,1.29,1.84,4,3,2.26,0.82,0.02,0.24,7.96,12.15,0.82,0.57,3.38,4.0,1,1
2,8,5,0.45,2.36,1.84,1.47,3,3,0.82,0.58,0.24,0.16,12.15,8.48,0.57,0.6,4.0,4.78,0,0
0,9,14,0.68,0.56,1.49,3.31,3,1,1.0,2.46,0.16,0.23,17.94,10.5,1.03,0.82,3.14,2.7,1,1
1,13,2,0.9,1.47,2.66,0.37,1,5,0.66,2.26,0.19,0.31,17.95,17.83,0.55,1.59,2.86,3.31,0,1
0,11,8,1.48,1.08,2.59,0.92,1,2,1.1,2.81,0.33,0.22,7.79,16.2,0.27,0.93,3.23,2.61,1,1
1,7,7,0.57,1.83,0.75,0.59,2,3,1.97,2.92,0.12,0.29,7.86,12.05,0.3,1.34,3.7,2.82,1,2
1,1,5,3.01,2.36,1.02,1.47,5,3,2.62,0.58,0.08,0.16,11.31,8.48,0.77,0.6,4.5,4.78,0,2
2,13,14,0.9,0.56,2.66,3.31,1,1,0.66,2.46,0.19,0.23,17.95,10.5,0.55,0.82,2.86,2.7,1,0
1,11,4,0.4,2.04,2.65,1.69,1,3,1.99,1.51,0.31,0.17,10.45,16.2,0.74,0.69,2.77,3.41,0,0
1,13,1,0.9,1.06,2.66,0.92,1,4,0.66,1.49,0.19,0.34,17.95,8.9,0.55,0.95,2.86,5.0,0,1
2,14,3,0.56,2.07,3.31,1.29,1,4,2.46,2.26,0.23,0.02,10.5,7.96,0.82,0.82,2.7,3.38,0,1
2,2,13,1.32,0.9,0.95,2.66,4,1,2.79,0.66,0.23,0.19,8.44,17.95,0.77,0.55,4.57,2.86,1,1
1,1,8,1.06,1.08,0.92,0.92,4,2,1.49,2.81,0.34,0.22,8.9,16.2,0.95,0.93,5.0,2.61,1,1
0,8,1,0.45,1.06,1.84,0.92,3,4,0.82,1.49,0.24,0.34,12.15,8.9,0.57,0.95,4.0,5.0,0,0
1,11,5,1.09,2.36,2.61,1.47,2,3,1.05,0.58,0.5,0.16,11.62,8.48,0.24,0.6,2.27,4.78,0,1
2,13,14,1.12,1.03,2.15,3.09,2,2,2.32,1.27,0.27,0.03,17.65,16.41,0.42,0.75,2.43,1.85,1,1
1,6,14,1.42,0.37,1.81,1.97,2,0,2.9,1.0,0.04,0.32,7.42,12.08,1.14,0.25,3.97,2.27,1,1
0,6,11,1.74,1.48,0.53,2.59,4,1,1.85,1.1,0.39,0.33,11.89,7.79,0.23,0.27,3.47,3.23,0,1
1,7,8,1.34,1.08,1.71,0.92,4,2,0.98,2.81,0.05,0.22,10.6,16.2,0.86,0.93,3.57,2.61,0,1
1,14,2,1.03,1.32,3.09,0.95,2,4,1.27,2.79,0.03,0.23,16.41,8.44,0.75,0.77,1.85,4.57,1,1
1,14,2,1.03,0.48,3.09,1.06,2,4,1.27,1.84,0.03,0.13,16.41,13.33,0.75,0.49,1.85,4.24,1,1
1,11,5,1.09,1.75,2.61,0.55,2,4,1.05,0.91,0.5,0.19,11.62,17.86,0.24,1.29,2.27,3.93,0,1
0,11,11,1.48,1.09,2.59,2.61,1,2,1.1,1.05,0.33,0.5,7.79,11.62,0.27,0.24,3.23,2.27,1,0
2,8,7,1.08,1.83,0.92,0.59,2,3,2.81,2.92,0.22,0.29,16.2,12.05,0.93,1.34,2.61,2.82,1,2
2,7,6,1.83,1.42,0.59,1.81,3,2,2.92,2.9,0.29,0.04,12.05,7.42,1.34,1.14,2.82,3.97,1,1
2,2,8,1.32,1.08,0.95,0.92,4,2,2.79,2.81,0.23,0.22,8.44,16.2,0.77,0.93,4.57,2.61,0,2
0,11,6,1.09,1.42,2.61,1.81,2,2,1.05,2.9,0.5,0.04,11.62,7.42,0.24,1.14,2.27,3.97,1,1
0,11,13,1.09,0.9,2.61,2.66,2,1,1.05,0.66,0.5,0.19,11.62,17.95,0.24,0.55,2.27,2.86,0,0
1,2,9,0.48,0.68,1.06,1.49,4,3,1.84,1.0,0.13,0.16,13.33,17.94,0.49,1.03,4.24,3.14,0,0
2,8,6,0.45,1.42,1.84,1.81,3,2,0.82,2.9,0.24,0.04,12.15,7.42,0.57,1.14,4.0,3.97,1,1
2,3,3,0.45,2.07,1.26,1.29,4,4,1.35,2.26,0.08,0.02,17.44,7.96,0.9,0.82,3.37,3.38,1,1
0,2,3,0.48,0.45,1.06,1.26,4,4,1.84,1.35,0.13,0.08,13.33,17.44,0.49,0.9,4.24,3.37,1,1
2,8,14,1.08,0.56,0.92,3.31,2,1,2.81,2.46,0.22,0.23,16.2,10.5,0.93,0.82,2.61,2.7,1,2
1,13,8,1.12,1.08,2.15,0.92,2,2,2.32,2.81,0.27,0.22,17.65,16.2,0.42,0.93,2.43,2.61,0,1
0,13,2,0.9,1.47,2.66,0.37,1,5,0.66,2.26,0.19,0.31,17.95,17.83,0.55,1.59,2.86,3.31,0,1
0,1,11,3.01,1.09,1.02,2.61,5,2,2.62,1.05,0.08,0.5,11.31,11.62,0.77,0.24,4.5,2.27,0,2
0,8,13,0.45,1.12,1.84,2.15,3,2,0.82,2.32,0.24,0.27,12.15,17.65,0.57,0.42,4.0,2.43,0,1
1,14,1,0.56,3.01,3.31,1.02,1,5,2.46,2.62,0.23,0.08,10.5,11.31,0.82,0.77,2.7,4.5,0,2
1,11,8,0.4,0.45,2.65,1.84,1,3,1.99,0.82,0.31,0.24,10.45,12.15,0.74,0.57,2.77,4.0,1,2
0,14,5,1.03,2.36,3.09,1.47,2,3,1.27,0.58,0.03,0.16,16.41,8.48,0.75,0.6,1.85,4.78,1,1
1,2,14,0.48,0.37,1.06,1.97,4,0,1.84,1.0,0.13,0.32,13.33,12.08,0.49,0.25,4.24,2.27,0,2
2,11,14,0.4,1.03,2.65,3.09,1,2,1.99,1.27,0.31,0.03,10.45,16.41,0.74,0.75,2.77,1.85,0,1
0,6,14,0.43,0.37,0.73,1.97,3,0,2.34,1.0,0.34,0.32,16.6,12.08,0.37,0.25,3.66,2.27,0,1
0,11,7,0.4,1.83,2.65,0.59,1,3,1.99,2.92,0.31,0.29,10.45,12.05,0.74,1.34,2.77,2.82,0,1
0,7,3,1.83,2.07,0.59,1.29,3,4,2.92,2.26,0.29,0.02,12.05,7.96,1.34,0.82,2.82,3.38,1,1
0,3,7,2.07,0.57,1.29,0.75,4,2,2.26,1.97,0.02,0.12,7.96,7.86,0.82,0.3,3.38,3.7,0,2
2,6,2,0.43,0.48,0.73,1.06,3,4,2.34,1.84,0.34,0.13,16.6,13.33,0.37,0.49,3.66,4.24,1,1
2,3,14,2.07,0.56,1.29,3.31,4,1,2.26,2.46,0.02,0.23,7.96,10.5,0.82,0.82,3.38,2.7,0,1
2,7,2,1.83,0.48,0.59,1.06,3,4,2.92,1.84,0.29,0.13,12.05,13.33,1.34,0.49,2.82,4.24,0,1
1,7,14,1.34,0.37,1.71,1.97,4,0,0.98,1.0,0.05,0.32,10.6,12.08,0.86,0.25,3.57,2.27,1,1
1,8,1,0.45,1.06,1.84,0.92,3,4,0.82,1.49,0.24,0.34,12.15,8.9,0.57,0.95,4.0,5.0,0,1
1,3,13,0.45,0.66,1.26,3.32,4,2,1.35,0.68,0.08,0.11,17.44,8.45,0.9,0.83,3.37,2.65,0,1
2,4,11,2.04,1.48,1.69,2.59,3,1,1.51,1.1,0.17,0.33,16.2,7.79,0.69,0.27,3.41,3.23,1,0
2,11,14,1.09,1.03,2.61,3.09,2,2,1.05,1.27,0.5,0.03,11.62,16.41,0.24,0.75,2.27,1.85,1,1
2,1,4,1.06,2.04,0.92,1.69,4,3,1.49,1.51,0.34,0.17,8.9,16.2,0.95,0.69,5.0,3.41,0,0
1,6,13,1.74,0.9,0.53,2.66,4,1,1.85,0.66,0.39,0.19,11.89,17.95,0.23,0.55,3.47,2.86,1,1
1,13,8,0.9,1.08,2.66,0.92,1,2,0.66,2.81,0.19,0.22,17.95,16.2,0.55,0.93,2.86,2.61,0,1
0,3,11,0.45,0.4,1.26,2.65,4,1,1.35,1.99,0.08,0.31,17.44,10.45,0.9,0.74,3.37,2.77,1,1
0,6,3,1.42,2.07,1.81,1.29,2,4,2.9,2.26,0.04,0.02,7.42,7.96,1.14,0.82,3.97,3.38,1,1
2,1,8,1.06,1.08,0.92,0.92,4,2,1.49,2.81,0.34,0.22,8.9,16.2,0.95,0.93,5.0,2.61,0,2
2,2,13,0.48,1.12,1.06,2.15,4,2,1.84,2.32,0.13,0.27,13.33,17.65,0.49,0.42,4.24,2.43,0,0
2,1,13,1.06,1.12,0.92,2.15,4,2,1.49,2.32,0.34,0.27,8.9,17.65,0.95,0.42,5.0,2.43,1,0
2,5,6,2.36,1.42,1.47,1.81,3,2,0.58,2.9,0.16,0.04,8.48,7.42,0.6,1.14,4.78,3.97,0,1
0,1,2,3.01,1.32,1.02,0.95,5,4,2.62,2.79,0.08,0.23,11.31,8.44,0.77,0.77,4.5,4.57,1,2
0,13,2,0.9,0.48,2.66,1.06,1,4,0.66,1.84,0.19,0.13,17.95,13.33,0.55,0.49,2.86,4.24,0,1
0,3,14,2.07,0.56,1.29,3.31,4,1,2.26,2.46,0.02,0.23,7.96,10.5,0.82,0.82,3.38,2.7,0,1
2,11,2,0.37,0.48,1.12,1.06,2,4,1.41,1.84,0.19,0.13,7.72,13.33,0.41,0.49,3.24,4.24,1,1
0,3,13,0.45,0.66,1.26,3.32,4,2,1.35,0.68,0.08,0.11,17.44,8.45,0.9,0.83,3.37,2.65,0,1
2,3,2,0.45,1.32,1.26,0.95,4,4,1.35,2.79,0.08,0.23,17.44,8.44,0.9,0.77,3.37,4.57,1,1
0,2,5,1.32,1.75,0.95,0.55,4,4,2.79,0.91,0.23,0.19,8.44,17.86,0.77,1.29,4.57,3.93,1,0
2,8,11,1.08,1.48,0.92,2.59,2,1,2.81,1.1,0.22,0.33,16.2,7.79,0.93,0.27,2.61,3.23,1,1
0,7,14,1.34,0.37,1.71,1.97,4,0,0.98,1.0,0.05,0.32,10.6,12.08,0.86,0.25,3.57,2.27,1,2
1,7,2,1.83,1.32,0.59,0.95,3,4,2.92,2.79,0.29,0.23,12.05,8.44,1.34,0.77,2.82,4.57,0,2
2,11,3,0.37,2.07,1.12,1.29,2,4,1.41,2.26,0.19,0.02,7.72,7.96,0.41,0.82,3.24,3.38,0,0
1,6,2,1.42,0.48,1.81,1.06,2,4,2.9,1.84,0.04,0.13,7.42,13.33,1.14,0.49,3.97,4.24,0,1
2,3,1,0.45,1.06,1.26,0.92,4,4,1.35,1.49,0.08,0.34,17.44,8.9,0.9,0.95,3.37,5.0,1,1
1,6,11,1.74,1.09,0.53,2.61,4,2,1.85,1.05,0.39,0.5,11.89,11.62,0.23,0.24,3.47,2.27,0,2
0,7,14,1.34,1.03,1.71,3.09,4,2,0.98,1.27,0.05,0.03,10.6,16.41,0.86,0.75,3.57,1.85,1,1
0,11,8,1.48,2.08,2.59,2.13,1,2,1.1,1.75,0.33,0.09,7.79,16.86,0.27,1.37,3.23,3.0,1,2
0,5,13,2.36,0.9,1.47,2.66,3,1,0.58,0.66,0.16,0.19,8.48,17.95,0.6,0.55,4.78,2.86,0,1
2,7,2,1.83,0.48,0.59,1.06,3,4,2.92,1.84,0.29,0.13,12.05,13.33,1.34,0.49,2.82,4.24,0,2
0,5,11,1.75,0.37,0.55,1.12,4,2,0.91,1.41,0.19,0.19,17.86,7.72,1.29,0.41,3.93,3.24,0,2
2,8,14,0.45,1.03,1.84,3.09,3,2,0.82,1.27,0.24,0.03,12.15,16.41,0.57,0.75,4.0,1.85,1,1
2,4,7,2.04,1.34,1.69,1.71,3,4,1.51,0.98,0.17,0.05,16.2,10.6,0.69,0.86,3.41,3.57,1,2
1,14,4,1.03,2.04,3.09,1.69,2,3,1.27,1.51,0.03,0.17,16.41,16.2,0.75,0.69,1.85,3.41,0,1
1,14,14,1.03,0.37,3.09,1.97,2,0,1.27,1.0,0.03,0.32,16.41,12.08,0.75,0.25,1.85,2.27,1,1
2,1,3,1.06,0.45,0.92,1.26,4,4,1.49,1.35,0.34,0.08,8.9,17.44,0.95,0.9,5.0,3.37,1,1
1,6,14,1.42,0.56,1.81,3.31,2,1,2.9,2.46,0.04,0.23,7.42,10.5,1.14,0.82,3.97,2.7,0,0
0,3,14,2.07,0.37,1.29,1.97,4,0,2.26,1.0,0.02,0.32,7.96,12.08,0.82,0.25,3.38,2.27,1,2
0,4,11,2.04,0.37,1.69,1.12,3,2,1.51,1.41,0.17,0.19,16.2,7.72,0.69,0.41,3.41,3.24,1,2
1,7,11,1.34,0.37,1.71,1.12,4,2,0.98,1.41,0.05,0.19,10.6,7.72,0.86,0.41,3.57,3.24,1,0
2,8,7,1.08,1.34,0.92,1.71,2,4,2.81,0.98,0.22,0.05,16.2,10.6,0.93,0.86,2.61,3.57,1,0
1,8,8,1.08,2.08,0.92,2.13,2,2,2.81,1.75,0.22,0.09,16.2,16.86,0.93,1.37,2.61,3.0,0,0
1,3,2,2.07,1.47,1.29,0.37,4,5,2.26,2.26,0.02,0.31,7.96,17.83,0.82,1.59,3.38,3.31,1,2
1,3,11,0.45,1.09,1.26,2.61,4,2,1.35,1.05,0.08,0.5,17.44,11.62,0.9,0.24,3.37,2.27,1,1
0,11,14,0.4,0.56,2.65,3.31,1,1,1.99,2.46,0.31,0.23,10.45,10.5,0.74,0.82,2.77,2.7,1,1
1,11,11,1.09,0.37,2.61,1.12,2,2,1.05,1.41,0.5,0.19,11.62,7.72,0.24,0.41,2.27,3.24,1,0
0,3,3,2.07,0.45,1.29,1.26,4,4,2.26,1.35,0.02,0.08,7.96,17.44,0.82,0.9,3.38,3.37,0,1
1,7,3,1.34,2.07,1.71,1.29,4,4,0.98,2.26,0.05,0.02,10.6,7.96,0.86,0.82,3.57,3.38,0,0
2,7,7,1.83,1.34,0.59,1.71,3,4,2.92,0.98,0.29,0.05,12.05,10.6,1.34,0.86,2.82,3.57,1,1
2,14,5,0.56,2.36,3.31,1.47,1,3,2.46,0.58,0.23,0.16,10.5,8.48,0.82,0.6,2.7,4.78,1,1
1,5,7,2.36,0.57,1.47,0.75,3,2,0.58,1.97,0.16,0.12,8.48,7.86,0.6,0.3,4.78,3.7,1,2
1,8,11,1.08,1.48,0.92,2.59,2,1,2.81,1.1,0.22,0.33,16.2,7.79,0.93,0.27,2.61,3.23,1,1
2,6,11,1.74,0.37,0.53,1.12,4,2,1.85,1.41,0.39,0.19,11.89,7.72,0.23,0.41,3.47,3.24,0,2
2,8,1,0.45,1.06,1.84,0.92,3,4,0.82,1.49,0.24,0.34,12.15,8.9,0.57,0.95,4.0,5.0,0,1
0,13,11,1.12,1.09,2.15,2.61,2,2,2.32,1.05,0.27,0.5,17.65,11.62,0.42,0.24,2.43,2.27,1,1
0,11,6,0.4,1.74,2.65,0.53,1,4,1.99,1.85,0.31,0.39,10.45,11.89,0.74,0.23,2.77,3.47,1,2
2,6,14,1.74,0.37,0.53,1.97,4,0,1.85,1.0,0.39,0.32,11.89,12.08,0.23,0.25,3.47,2.27,1,0
1,2,5,0.48,2.36,1.06,1.47,4,3,1.84,0.58,0.13,0.16,13.33,8.48,0.49,0.6,4.24,4.78,0,1
0,6,3,1.42,2.07,1.81,1.29,2,4,2.9,2.26,0.04,0.02,7.42,7.96,1.14,0.82,3.97,3.38,1,2
1,11,3,0.4,2.07,2.65,1.29,1,4,1.99,2.26,0.31,0.02,10.45,7.96,0.74,0.82,2.77,3.38,0,1
2,5,11,1.75,0.4,0.55,2.65,4,1,0.91,1.99,0.19,0.31,17.86,10.45,1.29,0.74,3.93,2.77,1,2
0,11,13,1.09,1.12,2.61,2.15,2,2,1.05,2.32,0.5,0.27,11.62,17.65,0.24,0.42,2.27,2.43,1,1
2,3,13,0.45,1.12,1.26,2.15,4,2,1.35,2.32,0.08,0.27,17.44,17.65,0.9,0.42,3.37,2.43,0,1
1,1,3,3.01,2.07,1.02,1.29,5,4,2.62,2.26,0.08,0.02,11.31,7.96,0.77,0.82,4.5,3.38,0,1
2,6,11,1.74,0.37,0.53,1.12,4,2,1.85,1.41,0.39,0.19,11.89,7.72,0.23,0.41,3.47,3.24,1,2
2,9,6,0.68,1.42,1.49,1.81,3,2,1.0,2.9,0.16,0.04,17.94,7.42,1.03,1.14,3.14,3.97,0,0
1,4,8,2.04,2.08,1.69,2.13,3,2,1.51,1.75,0.17,0.09,16.2,16.86,0.69,1.37,3.41,3.0,0,0
2,5,14,2.36,0.56,1.47,3.31,3,1,0.58,2.46,0.16,0.23,8.48,10.5,0.6,0.82,4.78,2.7,1,2
2,13,11,0.9,0.4,2.66,2.65,1,1,0.66,1.99,0.19,0.31,17.95,10.45,0.55,0.74,2.86,2.77,1,2
0,11,6,0.37,1.42,1.12,1.81,2,2,1.41,2.9,0.19,0.04,7.72,7.42,0.41,1.14,3.24,3.97,1,0
1,6,5,1.42,1.75,1.81,0.55,2,4,2.9,0.91,0.04,0.19,7.42,17.86,1.14,1.29,3.97,3.93,1,1
0,7,8,0.57,0.45,0.75,1.84,2,3,1.97,0.82,0.12,0.24,7.86,12.15,0.3,0.57,3.7,4.0,0,0
1,14,1,0.37,1.06,1.97,0.92,0,4,1.0,1.49,0.32,0.34,12.08,8.9,0.25,0.95,2.27,5.0,0,1
1,8,14,2.08,0.56,2.13,3.31,2,1,1.75,2.46,0.09,0.23,16.86,10.5,1.37,0.82,3.0,2.7,1,2
1,8,2,0.45,0.48,1.84,1.06,3,4,0.82,1.84,0.24,0.13,12.15,13.33,0.57,0.49,4.0,4.24,0,1
2,7,11,1.34,0.4,1.71,2.65,4,1,0.98,1.99,0.05,0.31,10.6,10.45,0.86,0.74,3.57,2.77,1,1
1,8,11,1.08,1.09,0.92,2.61,2,2,2.81,1.05,0.22,0.5,16.2,11.62,0.93,0.24,2.61,2.27,1,0
2,14,14,1.03,0.37,3.09,1.97,2,0,1.27,1.0,0.03,0.32,16.41,12.08,0.75,0.25,1.85,2.27,1,0
1,14,3,0.37,0.45,1.97,1.26,0,4,1.0,1.35,0.32,0.08,12.08,17.44,0.25,0.9,2.27,3.37,0,1
0,7,8,1.34,1.08,1.71,0.92,4,2,0.98,2.81,0.05,0.22,10.6,16.2,0.86,0.93,3.57,2.61,0,2
0,2,8,0.48,2.08,1.06,2.13,4,2,1.84,1.75,0.13,0.09,13.33,16.86,0.49,1.37,4.24,3.0,0,1
2,2,14,0.48,1.03,1.06,3.09,4,2,1.84,1.27,0.13,0.03,13.33,16.41,0.49,0.75,4.24,1.85,0,1
0,4,2,2.04,1.32,1.69,0.95,3,4,1.51,2.79,0.17,0.23,16.2,8.44,0.69,0.77,3.41,4.57,0,2
0,8,2,2.08,1.47,2.13,0.37,2,5,1.75,2.26,0.09,0.31,16.86,17.83,1.37,1.59,3.0,3.31,1,2
2,5,7,1.75,1.34,0.55,1.71,4,4,0.91,0.98,0.19,0.05,17.86,10.6,1.29,0.86,3.93,3.57,1,1
2,3,14,0.45,1.03,1.26,3.09,4,2,1.35,1.27,0.08,0.03,17.44,16.41,0.9,0.75,3.37,1.85,1,2
2,1,13,1.06,0.9,0.92,2.66,4,1,1.49,0.66,0.34,0.19,8.9,17.95,0.95,0.55,5.0,2.86,0,1
2,11,1,1.09,1.06,2.61,0.92,2,4,1.05,1.49,0.5,0.34,11.62,8.9,0.24,0.95,2.27,5.0,0,2
0,13,5,1.12,1.75,2.15,0.55,2,4,2.32,0.91,0.27,0.19,17.65,17.86,0.42,1.29,2.43,3.93,1,2
0,2,14,0.48,1.03,1.06,3.09,4,2,1.84,1.27,0.13,0.03,13.33,16.41,0.49,0.75,4.24,1.85,0,2
2,1,14,3.01,0.56,1.02,3.31,5,1,2.62,2.46,0.08,0.23,11.31,10.5,0.77,0.82,4.5,2.7,1,2
2,3,3,0.45,2.07,1.26,1.29,4,4,1.35,2.26,0.08,0.02,17.44,7.96,0.9,0.82,3.37,3.38,0,0
2,2,3,0.48,2.07,1.06,1.29,4,4,1.84,2.26,0.13,0.02,13.33,7.96,0.49,0.82,4.24,3.38,0,0
0,9,2,0.68,1.47,1.49,0.37,3,5,1.0,2.26,0.16,0.31,17.94,17.83,1.03,1.59,3.14,3.31,0,0
1,2,1,1.47,3.01,0.37,1.02,5,5,2.26,2.62,0.31,0.08,17.83,11.31,1.59,0.77,3.31,4.5,1,0
0,4,7,2.04,0.57,1.69,0.75,3,2,1.51,1.97,0.17,0.12,16.2,7.86,0.69,0.3,3.41,3.7,1,2
2,4,11,2.04,0.37,1.69,1.12,3,2,1.51,1.41,0.17,0.19,16.2,7.72,0.69,0.41,3.41,3.24,0,2
2,13,7,0.66,1.34,3.32,1.71,2,4,0.68,0.98,0.11,0.05,8.45,10.6,0.83,0.86,2.65,3.57,0,1
1,14,4,0.37,2.04,1.97,1.69,0,3,1.0,1.51,0.32,0.17,12.08,16.2,0.25,0.69,2.27,3.41,0,1
2,4,6,2.04,0.43,1.69,0.73,3,3,1.51,2.34,0.17,0.34,16.2,16.6,0.69,0.37,3.41,3.66,1,2
1,5,6,2.36,1.42,1.47,1.81,3,2,0.58,2.9,0.16,0.04,8.48,7.42,0.6,1.14,4.78,3.97,1,2
1,14,6,1.03,1.74,3.09,0.53,2,4,1.27,1.85,0.03,0.39,16.41,11.89,0.75,0.23,1.85,3.47,0,1
2,1,1,1.06,3.01,0.92,1.02,4,5,1.49,2.62,0.34,0.08,8.9,11.31,0.95,0.77,5.0,4.5,1,0
0,2,9,0.48,0.68,1.06,1.49,4,3,1.84,1.0,0.13,0.16,13.33,17.94,0.49,1.03,4.24,3.14,1,1
0,14,5,1.03,2.36,3.09,1.47,2,3,1.27,0.58,0.03,0.16,16.41,8.48,0.75,0.6,1.85,4.78,0,0
0,7,6,1.34,1.74,1.71,0.53,4,4,0.98,1.85,0.05,0.39,10.6,11.89,0.86,0.23,3.57,3.47,1,2
1,5,7,1.75,1.83,0.55,0.59,4,3,0.91,2.92,0.19,0.29,17.86,12.05,1.29,1.34,3.93,2.82,1,0
2,6,3,0.43,0.45,0.73,1.26,3,4,2.34,1.35,0.34,0.08,16.6,17.44,0.37,0.9,3.66,3.37,1,1
1,2,14,0.48,0.37,1.06,1.97,4,0,1.84,1.0,0.13,0.32,13.33,12.08,0.49,0.25,4.24,2.27,1,1
2,8,8,1.08,0.45,0.92,1.84,2,3,2.81,0.82,0.22,0.24,16.2,12.15,0.93,0.57,2.61,4.0,0,1
1,13,2,0.66,1.32,3.32,0.95,2,4,0.68,2.79,0.11,0.23,8.45,8.44,0.83,0.77,2.65,4.57,1,1
2,7,5,0.57,1.75,0.75,0.55,2,4,1.97,0.91,0.12,0.19,7.86,17.86,0.3,1.29,3.7,3.93,1,1
2,7,7,1.83,0.57,0.59,0.75,3,2,2.92,1.97,0.29,0.12,12.05,7.86,1.34,0.3,2.82,3.7,0,2
2,2,6,0.48,1.42,1.06,1.81,4,2,1.84,2.9,0.13,0.04,13.33,7.42,0.49,1.14,4.24,3.97,1,1
0,9,8,0.68,2.08,1.49,2.13,3,2,1.0,1.75,0.16,0.09,17.94,16.86,1.03,1.37,3.14,3.0,0,1
1,6,8,1.42,0.45,1.81,1.84,2,3,2.9,0.82,0.04,0.24,7.42,12.15,1.14,0.57,3.97,4.0,0,1
1,13,2,0.9,1.47,2.66,0.37,1,5,0.66,2.26,0.19,0.31,17.95,17.83,0.55,1.59,2.86,3.31,0,0
1,11,11,0.4,1.09,2.65,2.61,1,2,1.99,1.05,0.31,0.5,10.45,11.62,0.74,0.24,2.77,2.27,1,1
1,11,6,0.4,0.43,2.65,0.73,1,3,1.99,2.34,0.31,0.34,10.45,16.6,0.74,0.37,2.77,3.66,0,2
2,6,13,1.42,0.66,1.81,3.32,2,2,2.9,0.68,0.04,0.11,7.42,8.45,1.14,0.83,3.97,2.65,1,0
0,7,11,1.83,1.48,0.59,2.59,3,1,2.92,1.1,0.29,0.33,12.05,7.79,1.34,0.27,2.82,3.23,0,1
1,4,14,2.04,0.56,1.69,3.31,3,1,1.51,2.46,0.17,0.23,16.2,10.5,0.69,0.82,3.41,2.7,0,1
0,11,1,1.48,3.01,2.59,1.02,1,5,1.1,2.62,0.33,0.08,7.79,11.31,0.27,0.77,3.23,4.5,0,0
1,6,1,1.74,3.01,0.53,1.02,4,5,1.85,2.62,0.39,0.08,11.89,11.31,0.23,0.77,3.47,4.5,1,2
2,14,1,0.37,3.01,1.97,1.02,0,5,1.0,2.62,0.32,0.08,12.08,11.31,0.25,0.77,2.27,4.5,0,1
1,8,9,0.45,0.68,1.84,1.49,3,3,0.82,1.0,0.24,0.16,12.15,17.94,0.57,1.03,4.0,3.14,0,1
2,7,2,0.57,0.48,0.75,1.06,2,4,1.97,1.84,0.12,0.13,7.86,13.33,0.3,0.49,3.7,4.24,1,1
1,7,11,0.57,1.09,0.75,2.61,2,2,1.97,1.05,0.12,0.5,7.86,11.62,0.3,0.24,3.7,2.27,1,1
1,8,13,0.45,0.9,1.84,2.66,3,1,0.82,0.66,0.24,0.19,12.15,17.95,0.57,0.55,4.0,2.86,1,0
1,7,8,0.57,2.08,0.75,2.13,2,2,1.97,1.75,0.12,0.09,7.86,16.86,0.3,1.37,3.7,3.0,0,0
1,1,3,3.01,0.45,1.02,1.26,5,4,2.62,1.35,0.08,0.08,11.31,17.44,0.77,0.9,4.5,3.37,1,2
2,11,7,0.4,0.57,2.65,0.75,1,2,1.99,1.97,0.31,0.12,10.45,7.86,0.74,0.3,2.77,3.7,1,0
0,11,5,1.48,2.36,2.59,1.47,1,3,1.1,0.58,0.33,0.16,7.79,8.48,0.27,0.6,3.23,4.78,0,1
0,6,13,1.74,0.9,0.53,2.66,4,1,1.85,0.66,0.39,0.19,11.89,17.95,0.23,0.55,3.47,2.86,0,2
2,2,11,1.47,0.37,0.37,1.12,5,2,2.26,1.41,0.31,0.19,17.83,7.72,1.59,0.41,3.31,3.24,1,1
2,11,13,1.09,0.9,2.61,2.66,2,1,1.05,0.66,0.5,0.19,11.62,17.95,0.24,0.55,2.27,2.86,0,1
2,11,5,1.48,2.36,2.59,1.47,1,3,1.1,0.58,0.33,0.16,7.79,8.48,0.27,0.6,3.23,4.78,0,2
0,13,11,0.66,0.4,3.32,2.65,2,1,0.68,1.99,0.11,0.31,8.45,10.45,0.83,0.74,2.65,2.77,1,1
0,14,1,0.56,1.06,3.31,0.92,1,4,2.46,1.49,0.23,0.34,10.5,8.9,0.82,0.95,2.7,5.0,0,0
1,2,13,1.47,0.9,0.37,2.66,5,1,2.26,0.66,0.31,0.19,17.83,17.95,1.59,0.55,3.31,2.86,1,1
0,9,14,0.68,1.03,1.49,3.09,3,2,1.0,1.27,0.16,0.03,17.94,16.41,1.03,0.75,3.14,1.85,0,0
0,4,2,2.04,1.32,1.69,0.95,3,4,1.51,2.79,0.17,0.23,16.2,8.44,0.69,0.77,3.41,4.57,1,2
2,7,5,1.83,1.75,0.59,0.55,3,4,2.92,0.91,0.29,0.19,12.05,17.86,1.34,1.29,2.82,3.93,1,2
0,3,8,0.45,2.08,1.26,2.13,4,2,1.35,1.75,0.08,0.09,17.44,16.86,0.9,1.37,3.37,3.0,0,0
0,6,2,0.43,1.32,0.73,0.95,3,4,2.34,2.79,0.34,0.23,16.6,8.44,0.37,0.77,3.66,4.57,1,1
0,11,11,1.09,1.48,2.61,2.59,2,1,1.05,1.1,0.5,0.33,11.62,7.79,0.24,0.27,2.27,3.23,1,1
1,14,8,0.37,1.08,1.97,0.92,0,2,1.0,2.81,0.32,0.22,12.08,16.2,0.25,0.93,2.27,2.61,1,0
2,2,13,1.47,0.66,0.37,3.32,5,2,2.26,0.68,0.31,0.11,17.83,8.45,1.59,0.83,3.31,2.65,0,1
0,2,7,0.48,1.34,1.06,1.71,4,4,1.84,0.98,0.13,0.05,13.33,10.6,0.49,0.86,4.24,3.57,0,1
2,7,2,1.34,0.48,1.71,1.06,4,4,0.98,1.84,0.05,0.13,10.6,13.33,0.86,0.49,3.57,4.24,1,1
2,11,5,0.4,1.75,2.65,0.55,1,4,1.99,0.91,0.31,0.19,10.45,17.86,0.74,1.29,2.77,3.93,0,1
0,2,3,0.48,0.45,1.06,1.26,4,4,1.84,1.35,0.13,0.08,13.33,17.44,0.49,0.9,4.24,3.37,0,2
0,5,11,1.75,1.48,0.55,2.59,4,1,0.91,1.1,0.19,0.33,17.86,7.79,1.29,0.27,3.93,3.23,0,0
2,13,8,1.12,1.08,2.15,0.92,2,2,2.32,2.81,0.27,0.22,17.65,16.2,0.42,0.93,2.43,2.61,1,2
0,6,14,1.42,0.37,1.81,1.97,2,0,2.9,1.0,0.04,0.32,7.42,12.08,1.14,0.25,3.97,2.27,1,1
2,14,8,1.03,1.08,3.09,0.92,2,2,1.27,2.81,0.03,0.22,16.41,16.2,0.75,0.93,1.85,2.61,0,0
0,14,5,0.56,1.75,3.31,0.55,1,4,2.46,0.91,0.23,0.19,10.5,17.86,0.82,1.29,2.7,3.93,0,1
1,7,14,0.57,0.37,0.75,1.97,2,0,1.97,1.0,0.12,0.32,7.86,12.08,0.3,0.25,3.7,2.27,0,1
1,3,7,2.07,1.83,1.29,0.59,4,3,2.26,2.92,0.02,0.29,7.96,12.05,0.82,1.34,3.38,2.82,1,0
0,8,3,2.08,0.45,2.13,1.26,2,4,1.75,1.35,0.09,0.08,16.86,17.44,1.37,0.9,3.0,3.37,1,2
2,8,9,2.08,0.68,2.13,1.49,2,3,1.75,1.0,0.09,0.16,16.86,17.94,1.37,1.03,3.0,3.14,0,2
1,11,14,1.09,1.03,2.61,3.09,2,2,1.05,1.27,0.5,0.03,11.62,16.41,0.24,0.75,2.27,1.85,1,1
0,2,3,0.48,2.07,1.06,1.29,4,4,1.84,2.26,0.13,0.02,13.33,7.96,0.49,0.82,4.24,3.38,0,1
0,7,7,1.34,1.83,1.71,0.59,4,3,0.98,2.92,0.05,0.29,10.6,12.05,0.86,1.34,3.57,2.82,0,2
0,14,7,1.03,1.34,3.09,1.71,2,4,1.27,0.98,0.03,0.05,16.41,10.6,0.75,0.86,1.85,3.57,0,1
0,5,7,1.75,1.83,0.55,0.59,4,3,0.91,2.92,0.19,0.29,17.86,12.05,1.29,1.34,3.93,2.82,1,0
2,11,13,1.48,0.9,2.59,2.66,1,1,1.1,0.66,0.33,0.19,7.79,17.95,0.27,0.55,3.23,2.86,1,0
1,8,9,1.08,0.68,0.92,1.49,2,3,2.81,1.0,0.22,0.16,16.2,17.94,0.93,1.03,2.61,3.14,1,0
2,11,13,1.48,0.66,2.59,3.32,1,2,1.1,0.68,0.33,0.11,7.79,8.45,0.27,0.83,3.23,2.65,1,1
2,2,4,0.48,2.04,1.06,1.69,4,3,1.84,1.51,0.13,0.17,13.33,16.2,0.49,0.69,4.24,3.41,1,1
2,11,8,1.09,2.08,2.61,2.13,2,2,1.05,1.75,0.5,0.09,11.62,16.86,0.24,1.37,2.27,3.0,1,0
1,1,1,1.06,3.01,0.92,1.02,4,5,1.49,2.62,0.34,0.08,8.9,11.31,0.95,0.77,5.0,4.5,0,0
1,7,9,0.57,0.68,0.75,1.49,2,3,1.97,1.0,0.12,0.16,7.86,17.94,0.3,1.03,3.7,3.14,0,0
1,3,2,0.45,1.47,1.26,0.37,4,5,1.35,2.26,0.08,0.31,17.44,17.83,0.9,1.59,3.37,3.31,0,1
2,14,2,0.37,1.32,1.97,0.95,0,4,1.0,2.79,0.32,0.23,12.08,8.44,0.25,0.77,2.27,4.57,0,1
0,7,11,1.83,1.48,0.59,2.59,3,1,2.92,1.1,0.29,0.33,12.05,7.79,1.34,0.27,2.82,3.23,1,0
0,11,2,1.09,1.47,2.61,0.37,2,5,1.05,2.26,0.5,0.31,11.62,17.83,0.24,1.59,2.27,3.31,0,2
2,7,8,1.83,0.45,0.59,1.84,3,3,2.92,0.82,0.29,0.24,12.05,12.15,1.34,0.57,2.82,4.0,0,1
1,13,7,0.9,1.83,2.66,0.59,1,3,0.66,2.92,0.19,0.29,17.95,12.05,0.55,1.34,2.86,2.82,1,1
1,2,2,1.32,0.48,0.95,1.06,4,4,2.79,1.84,0.23,0.13,8.44,13.33,0.77,0.49,4.57,4.24,1,2
0,8,7,0.45,1.83,1.84,0.59,3,3,0.82,2.92,0.24,0.29,12.15,12.05,0.57,1.34,4.0,2.82,1,0
0,1,5,1.06,2.36,0.92,1.47,4,3,1.49,0.58,0.34,0.16,8.9,8.48,0.95,0.6,5.0,4.78,1,0
0,14,6,0.56,1.74,3.31,0.53,1,4,2.46,1.85,0.23,0.39,10.5,11.89,0.82,0.23,2.7,3.47,0,1
2,11,5,0.4,2.36,2.65,1.47,1,3,1.99,0.58,0.31,0.16,10.45,8.48,0.74,0.6,2.77,4.78,1,0
1,14,4,0.56,2.04,3.31,1.69,1,3,2.46,1.51,0.23,0.17,10.5,16.2,0.82,0.69,2.7,3.41,0,1
1,3,14,2.07,0.56,1.29,3.31,4,1,2.26,2.46,0.02,0.23,7.96,10.5,0.82,0.82,3.38,2.7,0,2
0,4,14,2.04,0.37,1.69,1.97,3,0,1.51,1.0,0.17,0.32,16.2,12.08,0.69,0.25,3.41,2.27,0,2
0,7,6,1.83,0.43,0.59,0.73,3,3,2.92,2.34,0.29,0.34,12.05,16.6,1.34,0.37,2.82,3.66,0,2
1,5,9,1.75,0.68,0.55,1.49,4,3,0.91,1.0,0.19,0.16,17.86,17.94,1.29,1.03,3.93,3.14,0,1
2,7,2,1.34,1.47,1.71,0.37,4,5,0.98,2.26,0.05,0.31,10.6,17.83,0.86,1.59,3.57,3.31,1,2
2,6,6,1.74,0.43,0.53,0.73,4,3,1.85,2.34,0.39,0.34,11.89,16.6,0.23,0.37,3.47,3.66,1,1
0,9,11,0.68,0.4,1.49,2.65,3,1,1.0,1.99,0.16,0.31,17.94,10.45,1.03,0.74,3.14,2.77,0,2
2,5,5,2.36,1.75,1.47,0.55,3,4,0.58,0.91,0.16,0.19,8.48,17.86,0.6,1.29,4.78,3.93,1,2
1,8,3,2.08,0.45,2.13,1.26,2,4,1.75,1.35,0.09,0.08,16.86,17.44,1.37,0.9,3.0,3.37,1,1
2,5,11,2.36,1.09,1.47,2.61,3,2,0.58,1.05,0.16,0.5,8.48,11.62,0.6,0.24,4.78,2.27,0,2
2,7,8,0.57,0.45,0.75,1.84,2,3,1.97,0.82,0.12,0.24,7.86,12.15,0.3,0.57,3.7,4.0,0,1
2,1,6,1.06,1.74,0.92,0.53,4,4,1.49,1.85,0.34,0.39,8.9,11.89,0.95,0.23,5.0,3.47,0,2
1,5,5,2.36,1.75,1.47,0.55,3,4,0.58,0.91,0.16,0.19,8.48,17.86,0.6,1.29,4.78,3.93,1,2
2,2,2,1.47,1.32,0.37,0.95,5,4,2.26,2.79,0.31,0.23,17.83,8.44,1.59,0.77,3.31,4.57,0,0
0,6,5,0.43,1.75,0.73,0.55,3,4,2.34,0.91,0.34,0.19,16.6,17.86,0.37,1.29,3.66,3.93,1,0
1,11,5,1.48,2.36,2.59,1.47,1,3,1.1,0.58,0.33,0.16,7.79,8.48,0.27,0.6,3.23,4.78,1,0
2,6,1,1.42,3.01,1.81,1.02,2,5,2.9,2.62,0.04,0.08,7.42,11.31,1.14,0.77,3.97,4.5,1,0
2,11,3,0.4,0.45,2.65,1.26,1,4,1.99,1.35,0.31,0.08,10.45,17.44,0.74,0.9,2.77,3.37,1,1
1,4,2,2.04,1.32,1.69,0.95,3,4,1.51,2.79,0.17,0.23,16.2,8.44,0.69,0.77,3.41,4.57,0,0
2,6,11,1.74,0.37,0.53,1.12,4,2,1.85,1.41,0.39,0.19,11.89,7.72,0.23,0.41,3.47,3.24,1,2
0,6,5,1.42,2.36,1.81,1.47,2,3,2.9,0.58,0.04,0.16,7.42,8.48,1.14,0.6,3.97,4.78,1,0
1,4,3,2.04,2.07,1.69,1.29,3,4,1.51,2.26,0.17,0.02,16.2,7.96,0.69,0.82,3.41,3.38,1,1
1,11,14,1.09,1.03,2.61,3.09,2,2,1.05,1.27,0.5,0.03,11.62,16.41,0.24,0.75,2.27,1.85,0,1
2,14,7,1.03,0.57,3.09,0.75,2,2,1.27,1.97,0.03,0.12,16.41,7.86,0.75,0.3,1.85,3.7,1,2
2,7,3,0.57,0.45,0.75,1.26,2,4,1.97,1.35,0.12,0.08,7.86,17.44,0.3,0.9,3.7,3.37,1,1
2,6,8,1.74,2.08,0.53,2.13,4,2,1.85,1.75,0.39,0.09,11.89,16.86,0.23,1.37,3.47,3.0,0,0
1,8,11,2.08,0.37,2.13,1.12,2,2,1.75,1.41,0.09,0.19,16.86,7.72,1.37,0.41,3.0,3.24,1,2
1,11,6,0.37,1.74,1.12,0.53,2,4,1.41,1.85,0.19,0.39,7.72,11.89,0.41,0.23,3.24,3.47,1,0
2,2,5,1.32,2.36,0.95,1.47,4,3,2.79,0.58,0.23,0.16,8.44,8.48,0.77,0.6,4.57,4.78,0,0
2,6,8,0.43,2.08,0.73,2.13,3,2,2.34,1.75,0.34,0.09,16.6,16.86,0.37,1.37,3.66,3.0,1,1
0,13,6,0.9,1.74,2.66,0.53,1,4,0.66,1.85,0.19,0.39,17.95,11.89,0.55,0.23,2.86,3.47,1,0
0,5,8,1.75,0.45,0.55,1.84,4,3,0.91,0.82,0.19,0.24,17.86,12.15,1.29,0.57,3.93,4.0,1,2
2,1,4,3.01,2.04,1.02,1.69,5,3,2.62,1.51,0.08,0.17,11.31,16.2,0.77,0.69,4.5,3.41,0,0
0,6,8,1.42,2.08,1.81,2.13,2,2,2.9,1.75,0.04,0.09,7.42,16.86,1.14,1.37,3.97,3.0,0,1
0,8,7,1.08,1.83,0.92,0.59,2,3,2.81,2.92,0.22,0.29,16.2,12.05,0.93,1.34,2.61,2.82,1,1
1,6,11,1.42,1.09,1.81,2.61,2,2,2.9,1.05,0.04,0.5,7.42,11.62,1.14,0.24,3.97,2.27,1,1
2,2,8,1.32,1.08,0.95,0.92,4,2,2.79,2.81,0.23,0.22,8.44,16.2,0.77,0.93,4.57,2.61,1,1
1,7,8,1.34,0.45,1.71,1.84,4,3,0.98,0.82,0.05,0.24,10.6,12.15,0.86,0.57,3.57,4.0,1,1
2,2,1,0.48,3.01,1.06,1.02,4,5,1.84,2.62,0.13,0.08,13.33,11.31,0.49,0.77,4.24,4.5,0,0
2,8,2,1.08,0.48,0.92,1.06,2,4,2.81,1.84,0.22,0.13,16.2,13.33,0.93,0.49,2.61,4.24,0,1
1,4,8,2.04,2.08,1.69,2.13,3,2,1.51,1.75,0.17,0.09,16.2,16.86,0.69,1.37,3.41,3.0,0,1
2,9,14,0.68,0.56,1.49,3.31,3,1,1.0,2.46,0.16,0.23,17.94,10.5,1.03,0.82,3.14,2.7,0,1
2,7,8,1.83,1.08,0.59,0.92,3,2,2.92,2.81,0.29,0.22,12.05,16.2,1.34,0.93,2.82,2.61,0,2
0,13,11,1.12,1.09,2.15,2.61,2,2,2.32,1.05,0.27,0.5,17.65,11.62,0.42,0.24,2.43,2.27,0,1
1,2,11,0.48,1.09,1.06,2.61,4,2,1.84,1.05,0.13,0.5,13.33,11.62,0.49,0.24,4.24,2.27,0,1
1,13,14,1.12,1.03,2.15,3.09,2,2,2.32,1.27,0.27,0.03,17.65,16.41,0.42,0.75,2.43,1.85,0,0
2,13,6,1.12,0.43,2.15,0.73,2,3,2.32,2.34,0.27,0.34,17.65,16.6,0.42,0.37,2.43,3.66,0,1
0,14,5,0.56,2.36,3.31,1.47,1,3,2.46,0.58,0.23,0.16,10.5,8.48,0.82,0.6,2.7,4.78,0,0
2,14,5,1.03,2.36,3.09,1.47,2,3,1.27,0.58,0.03,0.16,16.41,8.48,0.75,0.6,1.85,4.78,0,0
0,8,6,2.08,0.43,2.13,0.73,2,3,1.75,2.34,0.09,0.34,16.86,16.6,1.37,0.37,3.0,3.66,1,1
1,1,5,3.01,1.75,1.02,0.55,5,4,2.62,0.91,0.08,0.19,11.31,17.86,0.77,1.29,4.5,3.93,0,2
1,7,11,0.57,0.37,0.75,1.12,2,2,1.97,1.41,0.12,0.19,7.86,7.72,0.3,0.41,3.7,3.24,0,1
2,1,8,1.06,0.45,0.92,1.84,4,3,1.49,0.82,0.34,0.24,8.9,12.15,0.95,0.57,5.0,4.0,1,1
1,11,13,1.48,1.12,2.59,2.15,1,2,1.1,2.32,0.33,0.27,7.79,17.65,0.27,0.42,3.23,2.43,1,1
2,1,6,3.01,1.42,1.02,1.81,5,2,2.62,2.9,0.08,0.04,11.31,7.42,0.77,1.14,4.5,3.97,0,2
0,5,11,2.36,1.09,1.47,2.61,3,2,0.58,1.05,0.16,0.5,8.48,11.62,0.6,0.24,4.78,2.27,1,1
2,6,7,1.74,1.34,0.53,1.71,4,4,1.85,0.98,0.39,0.05,11.89,10.6,0.23,0.86,3.47,3.57,1,0
2,7,1,0.57,3.01,0.75,1.02,2,5,1.97,2.62,0.12,0.08,7.86,11.31,0.3,0.77,3.7,4.5,0,0
2,13,11,0.9,0.4,2.66,2.65,1,1,0.66,1.99,0.19,0.31,17.95,10.45,0.55,0.74,2.86,2.77,0,2
1,8,3,0.45,2.07,1.84,1.29,3,4,0.82,2.26,0.24,0.02,12.15,7.96,0.57,0.82,4.0,3.38,1,0
1,1,11,3.01,0.4,1.02,2.65,5,1,2.62,1.99,0.08,0.31,11.31,10.45,0.77,0.74,4.5,2.77,0,2
0,7,5,1.83,2.36,0.59,1.47,3,3,2.92,0.58,0.29,0.16,12.05,8.48,1.34,0.6,2.82,4.78,1,0
2,7,14,1.83,1.03,0.59,3.09,3,2,2.92,1.27,0.29,0.03,12.05,16.41,1.34,0.75,2.82,1.85,1,1
1,13,2,1.12,1.32,2.15,0.95,2,4,2.32,2.79,0.27,0.23,17.65,8.44,0.42,0.77,2.43,4.57,0,1
2,5,6,1.75,1.74,0.55,0.53,4,4,0.91,1.85,0.19,0.39,17.86,11.89,1.29,0.23,3.93,3.47,0,0
0,14,2,1.03,1.32,3.09,0.95,2,4,1.27,2.79,0.03,0.23,16.41,8.44,0.75,0.77,1.85,4.57,1,1
2,6,5,1.42,2.36,1.81,1.47,2,3,2.9,0.58,0.04,0.16,7.42,8.48,1.14,0.6,3.97,4.78,1,2
0,6,11,1.74,0.37,0.53,1.12,4,2,1.85,1.41,0.39,0.19,11.89,7.72,0.23,0.41,3.47,3.24,0,2
1,11,2,1.48,0.48,2.59,1.06,1,4,1.1,1.84,0.33,0.13,7.79,13.33,0.27,0.49,3.23,4.24,0,0
2,11,11,1.09,1.48,2.61,2.59,2,1,1.05,1.1,0.5,0.33,11.62,7.79,0.24,0.27,2.27,3.23,0,1
1,6,2,1.74,1.47,0.53,0.37,4,5,1.85,2.26,0.39,0.31,11.89,17.83,0.23,1.59,3.47,3.31,0,2
0,3,1,2.07,3.01,1.29,1.02,4,5,2.26,2.62,0.02,0.08,7.96,11.31,0.82,0.77,3.38,4.5,1,0
1,2,4,1.32,2.04,0.95,1.69,4,3,2.79,1.51,0.23,0.17,8.44,16.2,0.77,0.69,4.57,3.41,1,1
2,7,3,1.83,0.45,0.59,1.26,3,4,2.92,1.35,0.29,0.08,12.05,17.44,1.34,0.9,2.82,3.37,1,1
2,14,8,1.03,0.45,3.09,1.84,2,3,1.27,0.82,0.03,0.24,16.41,12.15,0.75,0.57,1.85,4.0,0,2
2,3,14,0.45,0.56,1.26,3.31,4,1,1.35,2.46,0.08,0.23,17.44,10.5,0.9,0.82,3.37,2.7,1,2
0,8,5,2.08,1.75,2.13,0.55,2,4,1.75,0.91,0.09,0.19,16.86,17.86,1.37,1.29,3.0,3.93,1,0
0,13,7,0.9,0.57,2.66,0.75,1,2,0.66,1.97,0.19,0.12,17.95,7.86,0.55,0.3,2.86,3.7,1,2
0,7,14,1.83,0.37,0.59,1.97,3,0,2.92,1.0,0.29,0.32,12.05,12.08,1.34,0.25,2.82,2.27,1,2
0,11,14,0.37,1.03,1.12,3.09,2,2,1.41,1.27,0.19,0.03,7.72,16.41,0.41,0.75,3.24,1.85,1,0
0,3,13,2.07,0.66,1.29,3.32,4,2,2.26,0.68,0.02,0.11,7.96,8.45,0.82,0.83,3.38,2.65,1,2
0,3,2,0.45,0.48,1.26,1.06,4,4,1.35,1.84,0.08,0.13,17.44,13.33,0.9,0.49,3.37,4.24,1,1
2,7,5,1.83,2.36,0.59,1.47,3,3,2.92,0.58,0.29,0.16,12.05,8.48,1.34,0.6,2.82,4.78,0,0
2,8,3,0.45,0.45,1.84,1.26,3,4,0.82,1.35,0.24,0.08,12.15,17.44,0.57,0.9,4.0,3.37,0,1
0,6,1,0.43,3.01,0.73,1.02,3,5,2.34,2.62,0.34,0.08,16.6,11.31,0.37,0.77,3.66,4.5,1,0
2,5,8,2.36,2.08,1.47,2.13,3,2,0.58,1.75,0.16,0.09,8.48,16.86,0.6,1.37,4.78,3.0,0,2
0,11,3,1.09,2.07,2.61,1.29,2,4,1.05,2.26,0.5,0.02,11.62,7.96,0.24,0.82,2.27,3.38,0,1
1,7,4,1.34,2.04,1.71,1.69,4,3,0.98,1.51,0.05,0.17,10.6,16.2,0.86,0.69,3.57,3.41,1,1
2,3,2,2.07,1.47,1.29,0.37,4,5,2.26,2.26,0.02,0.31,7.96,17.83,0.82,1.59,3.38,3.31,1,2
2,13,3,1.12,2.07,2.15,1.29,2,4,2.32,2.26,0.27,0.02,17.65,7.96,0.42,0.82,2.43,3.38,1,0
1,6,3,1.42,2.07,1.81,1.29,2,4,2.9,2.26,0.04,0.02,7.42,7.96,1.14,0.82,3.97,3.38,0,0
2,14,7,0.56,1.34,3.31,1.71,1,4,2.46,0.98,0.23,0.05,10.5,10.6,0.82,0.86,2.7,3.57,0,1
2,11,5,1.09,1.75,2.61,0.55,2,4,1.05,0.91,0.5,0.19,11.62,17.86,0.24,1.29,2.27,3.93,0,1
1,14,6,0.37,1.42,1.97,1.81,0,2,1.0,2.9,0.32,0.04,12.08,7.42,0.25,1.14,2.27,3.97,1,0
0,7,3,1.34,0.45,1.71,1.26,4,4,0.98,1.35,0.05,0.08,10.6,17.44,0.86,0.9,3.57,3.37,1,2
1,1,11,1.06,0.4,0.92,2.65,4,1,1.49,1.99,0.34,0.31,8.9,10.45,0.95,0.74,5.0,2.77,1,1
0,8,7,0.45,1.83,1.84,0.59,3,3,0.82,2.92,0.24,0.29,12.15,12.05,0.57,1.34,4.0,2.82,0,1
2,2,14,1.47,0.37,0.37,1.97,5,0,2.26,1.0,0.31,0.32,17.83,12.08,1.59,0.25,3.31,2.27,1,1
0,6,1,1.74,3.01,0.53,1.02,4,5,1.85,2.62,0.39,0.08,11.89,11.31,0.23,0.77,3.47,4.5,0,0
0,9,2,0.68,1.47,1.49,0.37,3,5,1.0,2.26,0.16,0.31,17.94,17.83,1.03,1.59,3.14,3.31,1,0
1,11,4,0.4,2.04,2.65,1.69,1,3,1.99,1.51,0.31,0.17,10.45,16.2,0.74,0.69,2.77,3.41,1,1
1,14,5,0.37,2.36,1.97,1.47,0,3,1.0,0.58,0.32,0.16,12.08,8.48,0.25,0.6,2.27,4.78,0,0
0,11,8,1.09,1.08,2.61,0.92,2,2,1.05,2.81,0.5,0.22,11.62,16.2,0.24,0.93,2.27,2.61,0,1
2,11,8,0.37,0.45,1.12,1.84,2,3,1.41,0.82,0.19,0.24,7.72,12.15,0.41,0.57,3.24,4.0,1,1
2,7,1,1.83,1.06,0.59,0.92,3,4,2.92,1.49,0.29,0.34,12.05,8.9,1.34,0.95,2.82,5.0,0,2
2,6,6,1.42,1.74,1.81,0.53,2,4,2.9,1.85,0.04,0.39,7.42,11.89,1.14,0.23,3.97,3.47,0,0
1,4,3,2.04,0.45,1.69,1.26,3,4,1.51,1.35,0.17,0.08,16.2,17.44,0.69,0.9,3.41,3.37,1,2
1,11,2,0.37,0.48,1.12,1.06,2,4,1.41,1.84,0.19,0.13,7.72,13.33,0.41,0.49,3.24,4.24,0,2
0,13,5,1.12,2.36,2.15,1.47,2,3,2.32,0.58,0.27,0.16,17.65,8.48,0.42,0.6,2.43,4.78,0,0
1,14,8,0.37,0.45,1.97,1.84,0,3,1.0,0.82,0.32,0.24,12.08,12.15,0.25,0.57,2.27,4.0,0,0
0,14,7,0.37,0.57,1.97,0.75,0,2,1.0,1.97,0.32,0.12,12.08,7.86,0.25,0.3,2.27,3.7,1,0
2,13,2,0.9,1.32,2.66,0.95,1,4,0.66,2.79,0.19,0.23,17.95,8.44,0.55,0.77,2.86,4.57,1,1
2,14,11,0.37,0.37,1.97,1.12,0,2,1.0,1.41,0.32,0.19,12.08,7.72,0.25,0.41,2.27,3.24,0,1
1,14,1,1.03,1.06,3.09,0.92,2,4,1.27,1.49,0.03,0.34,16.41,8.9,0.75,0.95,1.85,5.0,1,2
2,2,5,0.48,1.75,1.06,0.55,4,4,1.84,0.91,0.13,0.19,13.33,17.86,0.49,1.29,4.24,3.93,1,1
0,2,11,0.48,1.48,1.06,2.59,4,1,1.84,1.1,0.13,0.33,13.33,7.79,0.49,0.27,4.24,3.23,0,0
1,6,5,0.43,2.36,0.73,1.47,3,3,2.34,0.58,0.34,0.16,16.6,8.48,0.37,0.6,3.66,4.78,0,0
0,8,8,1.08,2.08,0.92,2.13,2,2,2.81,1.75,0.22,0.09,16.2,16.86,0.93,1.37,2.61,3.0,0,0
2,8,14,0.45,0.37,1.84,1.97,3,0,0.82,1.0,0.24,0.32,12.15,12.08,0.57,0.25,4.0,2.27,1,1
1,13,1,0.66,1.06,3.32,0.92,2,4,0.68,1.49,0.11,0.34,8.45,8.9,0.83,0.95,2.65,5.0,1,1
0,11,13,1.48,1.12,2.59,2.15,1,2,1.1,2.32,0.33,0.27,7.79,17.65,0.27,0.42,3.23,2.43,1,2
0,6,8,1.74,1.08,0.53,0.92,4,2,1.85,2.81,0.39,0.22,11.89,16.2,0.23,0.93,3.47,2.61,1,1
1,6,8,1.42,2.08,1.81,2.13,2,2,2.9,1.75,0.04,0.09,7.42,16.86,1.14,1.37,3.97,3.0,1,0
0,5,3,1.75,2.07,0.55,1.29,4,4,0.91,2.26,0.19,0.02,17.86,7.96,1.29,0.82,3.93,3.38,0,1
2,13,6,0.9,1.74,2.66,0.53,1,4,0.66,1.85,0.19,0.39,17.95,11.89,0.55,0.23,2.86,3.47,1,2
0,11,14,1.09,1.03,2.61,3.09,2,2,1.05,1.27,0.5,0.03,11.62,16.41,0.24,0.75,2.27,1.85,0,0
0,11,1,0.4,3.01,2.65,1.02,1,5,1.99,2.62,0.31,0.08,10.45,11.31,0.74,0.77,2.77,4.5,0,1
1,3,1,0.45,3.01,1.26,1.02,4,5,1.35,2.62,0.08,0.08,17.44,11.31,0.9,0.77,3.37,4.5,1,0
0,2,11,1.32,0.4,0.95,2.65,4,1,2.79,1.99,0.23,0.31,8.44,10.45,0.77,0.74,4.57,2.77,1,1
1,7,5,0.57,2.36,0.75,1.47,2,3,1.97,0.58,0.12,0.16,7.86,8.48,0.3,0.6,3.7,4.78,0,0
0,6,14,0.43,0.37,0.73,1.97,3,0,2.34,1.0,0.34,0.32,16.6,12.08,0.37,0.25,3.66,2.27,0,1
2,4,3,2.04,0.45,1.69,1.26,3,4,1.51,1.35,0.17,0.08,16.2,17.44,0.69,0.9,3.41,3.37,1,2
0,3,5,0.45,1.75,1.26,0.55,4,4,1.35,0.91,0.08,0.19,17.44,17.86,0.9,1.29,3.37,3.93,0,2
1,13,13,0.9,1.12,2.66,2.15,1,2,0.66,2.32,0.19,0.27,17.95,17.65,0.55,0.42,2.86,2.43,0,0
1,11,14,0.4,0.56,2.65,3.31,1,1,1.99,2.46,0.31,0.23,10.45,10.5,0.74,0.82,2.77,2.7,0,1
1,2,5,0.48,1.75,1.06,0.55,4,4,1.84,0.91,0.13,0.19,13.33,17.86,0.49,1.29,4.24,3.93,1,0
1,7,5,1.34,2.36,1.71,1.47,4,3,0.98,0.58,0.05,0.16,10.6,8.48,0.86,0.6,3.57,4.78,1,2
0,3,2,0.45,1.32,1.26,0.95,4,4,1.35,2.79,0.08,0.23,17.44,8.44,0.9,0.77,3.37,4.57,1,0
0,9,5,0.68,2.36,1.49,1.47,3,3,1.0,0.58,0.16,0.16,17.94,8.48,1.03,0.6,3.14,4.78,1,1
1,7,6,0.57,1.42,0.75,1.81,2,2,1.97,2.9,0.12,0.04,7.86,7.42,0.3,1.14,3.7,3.97,1,0
0,13,7,0.9,1.34,2.66,1.71,1,4,0.66,0.98,0.19,0.05,17.95,10.6,0.55,0.86,2.86,3.57,1,2
0,9,2,0.68,0.48,1.49,1.06,3,4,1.0,1.84,0.16,0.13,17.94,13.33,1.03,0.49,3.14,4.24,0,2
0,2,7,1.32,0.57,0.95,0.75,4,2,2.79,1.97,0.23,0.12,8.44,7.86,0.77,0.3,4.57,3.7,1,0
0,1,11,1.06,0.37,0.92,1.12,4,2,1.49,1.41,0.34,0.19,8.9,7.72,0.95,0.41,5.0,3.24,1,2
2,2,11,1.47,1.48,0.37,2.59,5,1,2.26,1.1,0.31,0.33,17.83,7.79,1.59,0.27,3.31,3.23,1,2
2,11,5,1.48,1.75,2.59,0.55,1,4,1.1,0.91,0.33,0.19,7.79,17.86,0.27,1.29,3.23,3.93,1,2
0,14,5,0.37,2.36,1.97,1.47,0,3,1.0,0.58,0.32,0.16,12.08,8.48,0.25,0.6,2.27,4.78,0,0
0,2,7,1.47,1.34,0.37,1.71,5,4,2.26,0.98,0.31,0.05,17.83,10.6,1.59,0.86,3.31,3.57,1,1
0,1,13,1.06,0.9,0.92,2.66,4,1,1.49,0.66,0.34,0.19,8.9,17.95,0.95,0.55,5.0,2.86,0,1
1,7,13,1.83,1.12,0.59,2.15,3,2,2.92,2.32,0.29,0.27,12.05,17.65,1.34,0.42,2.82,2.43,0,0
1,8,11,2.08,1.48,2.13,2.59,2,1,1.75,1.1,0.09,0.33,16.86,7.79,1.37,0.27,3.0,3.23,1,0
2,14,6,0.56,1.74,3.31,0.53,1,4,2.46,1.85,0.23,0.39,10.5,11.89,0.82,0.23,2.7,3.47,1,0
1,1,13,3.01,0.66,1.02,3.32,5,2,2.62,0.68,0.08,0.11,11.31,8.45,0.77,0.83,4.5,2.65,0,1
0,8,11,2.08,1.09,2.13,2.61,2,2,1.75,1.05,0.09,0.5,16.86,11.62,1.37,0.24,3.0,2.27,0,1
0,11,8,1.48,2.08,2.59,2.13,1,2,1.1,1.75,0.33,0.09,7.79,16.86,0.27,1.37,3.23,3.0,0,1
0,7,5,1.34,2.36,1.71,1.47,4,3,0.98,0.58,0.05,0.16,10.6,8.48,0.86,0.6,3.57,4.78,1,0
0,5,2,2.36,0.48,1.47,1.06,3,4,0.58,1.84,0.16,0.13,8.48,13.33,0.6,0.49,4.78,4.24,0,2
1,14,13,0.56,0.66,3.31,3.32,1,2,2.46,0.68,0.23,0.11,10.5,8.45,0.82,0.83,2.7,2.65,0,1
0,3,2,0.45,0.48,1.26,1.06,4,4,1.35,1.84,0.08,0.13,17.44,13.33,0.9,0.49,3.37,4.24,0,2
1,6,11,1.74,0.37,0.53,1.12,4,2,1.85,1.41,0.39,0.19,11.89,7.72,0.23,0.41,3.47,3.24,1,1
2,11,8,0.4,0.45,2.65,1.84,1,3,1.99,0.82,0.31,0.24,10.45,12.15,0.74,0.57,2.77,4.0,0,1
0,1,14,1.06,0.37,0.92,1.97,4,0,1.49,1.0,0.34,0.32,8.9,12.08,0.95,0.25,5.0,2.27,1,1
0,13,11,0.9,0.37,2.66,1.12,1,2,0.66,1.41,0.19,0.19,17.95,7.72,0.55,0.41,2.86,3.24,0,1
2,3,13,0.45,0.9,1.26,2.66,4,1,1.35,0.66,0.08,0.19,17.44,17.95,0.9,0.55,3.37,2.86,1,1
1,4,11,2.04,0.37,1.69,1.12,3,2,1.51,1.41,0.17,0.19,16.2,7.72,0.69,0.41,3.41,3.24,0,2
2,5,6,1.75,1.74,0.55,0.53,4,4,0.91,1.85,0.19,0.39,17.86,11.89,1.29,0.23,3.93,3.47,1,2
2,13,14,1.12,0.37,2.15,1.97,2,0,2.32,1.0,0.27,0.32,17.65,12.08,0.42,0.25,2.43,2.27,1,1
2,6,3,1.74,0.45,0.53,1.26,4,4,1.85,1.35,0.39,0.08,11.89,17.44,0.23,0.9,3.47,3.37,1,2
0,11,4,0.37,2.04,1.12,1.69,2,3,1.41,1.51,0.19,0.17,7.72,16.2,0.41,0.69,3.24,3.41,1,1
2,8,8,2.08,0.45,2.13,1.84,2,3,1.75,0.82,0.09,0.24,16.86,12.15,1.37,0.57,3.0,4.0,1,2
1,11,2,0.37,0.48,1.12,1.06,2,4,1.41,1.84,0.19,0.13,7.72,13.33,0.41,0.49,3.24,4.24,0,1
1,14,2,1.03,1.32,3.09,0.95,2,4,1.27,2.79,0.03,0.23,16.41,8.44,0.75,0.77,1.85,4.57,0,1
2,13,3,1.12,0.45,2.15,1.26,2,4,2.32,1.35,0.27,0.08,17.65,17.44,0.42,0.9,2.43,3.37,1,2
2,7,14,0.57,0.37,0.75,1.97,2,0,1.97,1.0,0.12,0.32,7.86,12.08,0.3,0.25,3.7,2.27,1,2
0,2,8,1.47,0.45,0.37,1.84,5,3,2.26,0.82,0.31,0.24,17.83,12.15,1.59,0.57,3.31,4.0,1,0
2,1,1,1.06,3.01,0.92,1.02,4,5,1.49,2.62,0.34,0.08,8.9,11.31,0.95,0.77,5.0,4.5,0,0
0,11,5,0.37,1.75,1.12,0.55,2,4,1.41,0.91,0.19,0.19,7.72,17.86,0.41,1.29,3.24,3.93,0,0
2,6,5,1.74,1.75,0.53,0.55,4,4,1.85,0.91,0.39,0.19,11.89,17.86,0.23,1.29,3.47,3.93,1,0
1,6,3,1.42,0.45,1.81,1.26,2,4,2.9,1.35,0.04,0.08,7.42,17.44,1.14,0.9,3.97,3.37,1,1
2,9,14,0.68,1.03,1.49,3.09,3,2,1.0,1.27,0.16,0.03,17.94,16.41,1.03,0.75,3.14,1.85,1,1
0,11,7,1.48,1.83,2.59,0.59,1,3,1.1,2.92,0.33,0.29,7.79,12.05,0.27,1.34,3.23,2.82,0,2
1,13,2,0.66,0.48,3.32,1.06,2,4,0.68,1.84,0.11,0.13,8.45,13.33,0.83,0.49,2.65,4.24,1,1
1,8,14,0.45,0.37,1.84,1.97,3,0,0.82,1.0,0.24,0.32,12.15,12.08,0.57,0.25,4.0,2.27,1,0
1,1,8,3.01,2.08,1.02,2.13,5,2,2.62,1.75,0.08,0.09,11.31,16.86,0.77,1.37,4.5,3.0,1,1
1,8,2,0.45,1.47,1.84,0.37,3,5,0.82,2.26,0.24,0.31,12.15,17.83,0.57,1.59,4.0,3.31,0,0
2,11,2,1.09,1.32,2.61,0.95,2,4,1.05,2.79,0.5,0.23,11.62,8.44,0.24,0.77,2.27,4.57,0,2
1,11,14,1.09,0.56,2.61,3.31,2,1,1.05,2.46,0.5,0.23,11.62,10.5,0.24,0.82,2.27,2.7,1,1
0,3,5,0.45,1.75,1.26,0.55,4,4,1.35,0.91,0.08,0.19,17.44,17.86,0.9,1.29,3.37,3.93,1,1
2,1,2,1.06,0.48,0.92,1.06,4,4,1.49,1.84,0.34,0.13,8.9,13.33,0.95,0.49,5.0,4.24,0,2
2,8,3,2.08,2.07,2.13,1.29,2,4,1.75,2.26,0.09,0.02,16.86,7.96,1.37,0.82,3.0,3.38,0,1
0,5,11,1.75,0.4,0.55,2.65,4,1,0.91,1.99,0.19,0.31,17.86,10.45,1.29,0.74,3.93,2.77,0,1
1,1,5,3.01,1.75,1.02,0.55,5,4,2.62,0.91,0.08,0.19,11.31,17.86,0.77,1.29,4.5,3.93,1,1
0,13,8,1.12,1.08,2.15,0.92,2,2,2.32,2.81,0.27,0.22,17.65,16.2,0.42,0.93,2.43,2.61,1,1
2,1,8,1.06,0.45,0.92,1.84,4,3,1.49,0.82,0.34,0.24,8.9,12.15,0.95,0.57,5.0,4.0,1,0
1,2,14,1.32,0.56,0.95,3.31,4,1,2.79,2.46,0.23,0.23,8.44,10.5,0.77,0.82,4.57,2.7,0,1
0,11,7,1.48,1.83,2.59,0.59,1,3,1.1,2.92,0.33,0.29,7.79,12.05,0.27,1.34,3.23,2.82,0,1
2,6,9,1.74,0.68,0.53,1.49,4,3,1.85,1.0,0.39,0.16,11.89,17.94,0.23,1.03,3.47,3.14,0,1
0,11,7,0.37,1.34,1.12,1.71,2,4,1.41,0.98,0.19,0.05,7.72,10.6,0.41,0.86,3.24,3.57,1,1
1,1,4,3.01,2.04,1.02,1.69,5,3,2.62,1.51,0.08,0.17,11.31,16.2,0.77,0.69,4.5,3.41,1,2
2,5,14,1.75,1.03,0.55,3.09,4,2,0.91,1.27,0.19,0.03,17.86,16.41,1.29,0.75,3.93,1.85,1,1
2,8,11,1.08,0.4,0.92,2.65,2,1,2.81,1.99,0.22,0.31,16.2,10.45,0.93,0.74,2.61,2.77,1,1
2,3,13,0.45,0.9,1.26,2.66,4,1,1.35,0.66,0.08,0.19,17.44,17.95,0.9,0.55,3.37,2.86,1,1
0,1,13,3.01,0.66,1.02,3.32,5,2,2.62,0.68,0.08,0.11,11.31,8.45,0.77,0.83,4.5,2.65,0,1
1,14,6,0.37,1.42,1.97,1.81,0,2,1.0,2.9,0.32,0.04,12.08,7.42,0.25,1.14,2.27,3.97,1,1
1,4,8,2.04,0.45,1.69,1.84,3,3,1.51,0.82,0.17,0.24,16.2,12.15,0.69,0.57,3.41,4.0,1,0
0,11,1,1.48,3.01,2.59,1.02,1,5,1.1,2.62,0.33,0.08,7.79,11.31,0.27,0.77,3.23,4.5,1,0
2,7,4,0.57,2.04,0.75,1.69,2,3,1.97,1.51,0.12,0.17,7.86,16.2,0.3,0.69,3.7,3.41,1,0
0,11,8,0.4,1.08,2.65,0.92,1,2,1.99,2.81,0.31,0.22,10.45,16.2,0.74,0.93,2.77,2.61,1,1
0,2,14,1.32,0.56,0.95,3.31,4,1,2.79,2.46,0.23,0.23,8.44,10.5,0.77,0.82,4.57,2.7,1,1
1,5,14,2.36,0.56,1.47,3.31,3,1,0.58,2.46,0.16,0.23,8.48,10.5,0.6,0.82,4.78,2.7,1,0
1,14,1,1.03,1.06,3.09,0.92,2,4,1.27,1.49,0.03,0.34,16.41,8.9,0.75,0.95,1.85,5.0,0,2
0,7,3,1.34,0.45,1.71,1.26,4,4,0.98,1.35,0.05,0.08,10.6,17.44,0.86,0.9,3.57,3.37,0,2
0,11,6,1.09,1.74,2.61,0.53,2,4,1.05,1.85,0.5,0.39,11.62,11.89,0.24,0.23,2.27,3.47,0,2
0,11,13,1.48,0.66,2.59,3.32,1,2,1.1,0.68,0.33,0.11,7.79,8.45,0.27,0.83,3.23,2.65,1,1
2,3,8,0.45,0.45,1.26,1.84,4,3,1.35,0.82,0.08,0.24,17.44,12.15,0.9,0.57,3.37,4.0,0,1
0,14,2,1.03,1.32,3.09,0.95,2,4,1.27,2.79,0.03,0.23,16.41,8.44,0.75,0.77,1.85,4.57,0,1
1,3,3,0.45,2.07,1.26,1.29,4,4,1.35,2.26,0.08,0.02,17.44,7.96,0.9,0.82,3.37,3.38,1,0
2,8,6,2.08,0.43,2.13,0.73,2,3,1.75,2.34,0.09,0.34,16.86,16.6,1.37,0.37,3.0,3.66,0,2
0,13,13,0.66,0.9,3.32,2.66,2,1,0.68,0.66,0.11,0.19,8.45,17.95,0.83,0.55,2.65,2.86,0,1
1,5,1,2.36,3.01,1.47,1.02,3,5,0.58,2.62,0.16,0.08,8.48,11.31,0.6,0.77,4.78,4.5,0,1
0,11,11,1.09,0.37,2.61,1.12,2,2,1.05,1.41,0.5,0.19,11.62,7.72,0.24,0.41,2.27,3.24,1,2
1,9,7,0.68,1.34,1.49,1.71,3,4,1.0,0.98,0.16,0.05,17.94,10.6,1.03,0.86,3.14,3.57,1,2
1,13,13,0.9,0.66,2.66,3.32,1,2,0.66,0.68,0.19,0.11,17.95,8.45,0.55,0.83,2.86,2.65,0,1
0,6,8,1.42,2.08,1.81,2.13,2,2,2.9,1.75,0.04,0.09,7.42,16.86,1.14,1.37,3.97,3.0,0,1
2,14,6,0.56,0.43,3.31,0.73,1,3,2.46,2.34,0.23,0.34,10.5,16.6,0.82,0.37,2.7,3.66,0,1
2,6,14,1.42,0.37,1.81,1.97,2,0,2.9,1.0,0.04,0.32,7.42,12.08,1.14,0.25,3.97,2.27,1,1
2,7,14,1.34,0.37,1.71,1.97,4,0,0.98,1.0,0.05,0.32,10.6,12.08,0.86,0.25,3.57,2.27,0,1
2,14,8,1.03,2.08,3.09,2.13,2,2,1.27,1.75,0.03,0.09,16.41,16.86,0.75,1.37,1.85,3.0,1,1
1,1,8,3.01,1.08,1.02,0.92,5,2,2.62,2.81,0.08,0.22,11.31,16.2,0.77,0.93,4.5,2.61,1,2
2,2,7,1.32,1.34,0.95,1.71,4,4,2.79,0.98,0.23,0.05,8.44,10.6,0.77,0.86,4.57,3.57,0,0
0,9,14,0.68,0.56,1.49,3.31,3,1,1.0,2.46,0.16,0.23,17.94,10.5,1.03,0.82,3.14,2.7,1,1
1,5,7,1.75,1.34,0.55,1.71,4,4,0.91,0.98,0.19,0.05,17.86,10.6,1.29,0.86,3.93,3.57,0,0
1,11,14,0.37,0.37,1.12,1.97,2,0,1.41,1.0,0.19,0.32,7.72,12.08,0.41,0.25,3.24,2.27,0,1
2,5,6,2.36,0.43,1.47,0.73,3,3,0.58,2.34,0.16,0.34,8.48,16.6,0.6,0.37,4.78,3.66,0,2
0,8,8,1.08,0.45,0.92,1.84,2,3,2.81,0.82,0.22,0.24,16.2,12.15,0.93,0.57,2.61,4.0,0,1
1,2,4,1.32,2.04,0.95,1.69,4,3,2.79,1.51,0.23,0.17,8.44,16.2,0.77,0.69,4.57,3.41,1,0
1,11,11,0.4,0.37,2.65,1.12,1,2,1.99,1.41,0.31,0.19,10.45,7.72,0.74,0.41,2.77,3.24,1,1
0,14,13,0.56,1.12,3.31,2.15,1,2,2.46,2.32,0.23,0.27,10.5,17.65,0.82,0.42,2.7,2.43,0,1
1,11,13,0.37,0.9,1.12,2.66,2,1,1.41,0.66,0.19,0.19,7.72,17.95,0.41,0.55,3.24,2.86,1,1
0,11,13,0.4,0.9,2.65,2.66,1,1,1.99,0.66,0.31,0.19,10.45,17.95,0.74,0.55,2.77,2.86,1,1
1,11,8,0.4,2.08,2.65,2.13,1,2,1.99,1.75,0.31,0.09,10.45,16.86,0.74,1.37,2.77,3.0,0,1
0,14,1,0.37,1.06,1.97,0.92,0,4,1.0,1.49,0.32,0.34,12.08,8.9,0.25,0.95,2.27,5.0,1,2
0,11,8,1.48,1.08,2.59,0.92,1,2,1.1,2.81,0.33,0.22,7.79,16.2,0.27,0.93,3.23,2.61,1,2
1,1,8,1.06,1.08,0.92,0.92,4,2,1.49,2.81,0.34,0.22,8.9,16.2,0.95,0.93,5.0,2.61,1,1
2,14,3,0.37,0.45,1.97,1.26,0,4,1.0,1.35,0.32,0.08,12.08,17.44,0.25,0.9,2.27,3.37,1,2
2,9,7,0.68,1.83,1.49,0.59,3,3,1.0,2.92,0.16,0.29,17.94,12.05,1.03,1.34,3.14,2.82,0,2
2,13,9,0.9,0.68,2.66,1.49,1,3,0.66,1.0,0.19,0.16,17.95,17.94,0.55,1.03,2.86,3.14,0,1
0,8,2,0.45,0.48,1.84,1.06,3,4,0.82,1.84,0.24,0.13,12.15,13.33,0.57,0.49,4.0,4.24,0,2
1,9,1,0.68,1.06,1.49,0.92,3,4,1.0,1.49,0.16,0.34,17.94,8.9,1.03,0.95,3.14,5.0,0,2
0,5,13,2.36,0.9,1.47,2.66,3,1,0.58,0.66,0.16,0.19,8.48,17.95,0.6,0.55,4.78,2.86,0,1
1,11,5,0.4,2.36,2.65,1.47,1,3,1.99,0.58,0.31,0.16,10.45,8.48,0.74,0.6,2.77,4.78,1,1
1,1,8,1.06,0.45,0.92,1.84,4,3,1.49,0.82,0.34,0.24,8.9,12.15,0.95,0.57,5.0,4.0,0,2
1,6,13,0.43,1.12,0.73,2.15,3,2,2.34,2.32,0.34,0.27,16.6,17.65,0.37,0.42,3.66,2.43,0,1
2,3,6,0.45,1.42,1.26,1.81,4,2,1.35,2.9,0.08,0.04,17.44,7.42,0.9,1.14,3.37,3.97,1,2
1,4,8,2.04,1.08,1.69,0.92,3,2,1.51,2.81,0.17,0.22,16.2,16.2,0.69,0.93,3.41,2.61,1,2
2,1,14,1.06,1.03,0.92,3.09,4,2,1.49,1.27,0.34,0.03,8.9,16.41,0.95,0.75,5.0,1.85,1,1
2,14,13,1.03,1.12,3.09,2.15,2,2,1.27,2.32,0.03,0.27,16.41,17.65,0.75,0.42,1.85,2.43,0,2
2,4,6,2.04,1.42,1.69,1.81,3,2,1.51,2.9,0.17,0.04,16.2,7.42,0.69,1.14,3.41,3.97,1,2
2,11,8,0.37,0.45,1.12,1.84,2,3,1.41,0.82,0.19,0.24,7.72,12.15,0.41,0.57,3.24,4.0,1,2
0,5,13,1.75,1.12,0.55,2.15,4,2,0.91,2.32,0.19,0.27,17.86,17.65,1.29,0.42,3.93,2.43,1,1
0,13,13,0.9,1.12,2.66,2.15,1,2,0.66,2.32,0.19,0.27,17.95,17.65,0.55,0.42,2.86,2.43,0,1
0,8,11,1.08,1.48,0.92,2.59,2,1,2.81,1.1,0.22,0.33,16.2,7.79,0.93,0.27,2.61,3.23,1,1
2,7,2,0.57,1.47,0.75,0.37,2,5,1.97,2.26,0.12,0.31,7.86,17.83,0.3,1.59,3.7,3.31,1,2
0,2,11,1.47,0.37,0.37,1.12,5,2,2.26,1.41,0.31,0.19,17.83,7.72,1.59,0.41,3.31,3.24,0,2
2,7,13,1.34,0.66,1.71,3.32,4,2,0.98,0.68,0.05,0.11,10.6,8.45,0.86,0.83,3.57,2.65,1,1
1,1,7,3.01,1.83,1.02,0.59,5,3,2.62,2.92,0.08,0.29,11.31,12.05,0.77,1.34,4.5,2.82,1,2
0,14,6,1.03,1.42,3.09,1.81,2,2,1.27,2.9,0.03,0.04,16.41,7.42,0.75,1.14,1.85,3.97,1,1
1,9,11,0.68,1.09,1.49,2.61,3,2,1.0,1.05,0.16,0.5,17.94,11.62,1.03,0.24,3.14,2.27,0,0
2,11,8,1.09,1.08,2.61,0.92,2,2,1.05,2.81,0.5,0.22,11.62,16.2,0.24,0.93,2.27,2.61,0,2
2,11,9,0.37,0.68,1.12,1.49,2,3,1.41,1.0,0.19,0.16,7.72,17.94,0.41,1.03,3.24,3.14,1,1
2,7,8,0.57,0.45,0.75,1.84,2,3,1.97,0.82,0.12,0.24,7.86,12.15,0.3,0.57,3.7,4.0,1,1
0,7,11,0.57,1.09,0.75,2.61,2,2,1.97,1.05,0.12,0.5,7.86,11.62,0.3,0.24,3.7,2.27,0,1
1,8,14,1.08,0.37,0.92,1.97,2,0,2.81,1.0,0.22,0.32,16.2,12.08,0.93,0.25,2.61,2.27,0,2
2,3,11,2.07,0.4,1.29,2.65,4,1,2.26,1.99,0.02,0.31,7.96,10.45,0.82,0.74,3.38,2.77,1,1
0,2,11,0.48,0.4,1.06,2.65,4,1,1.84,1.99,0.13,0.31,13.33,10.45,0.49,0.74,4.24,2.77,0,1
2,5,9,2.36,0.68,1.47,1.49,3,3,0.58,1.0,0.16,0.16,8.48,17.94,0.6,1.03,4.78,3.14,0,2
2,6,8,1.42,1.08,1.81,0.92,2,2,2.9,2.81,0.04,0.22,7.42,16.2,1.14,0.93,3.97,2.61,0,2
0,7,1,1.34,1.06,1.71,0.92,4,4,0.98,1.49,0.05,0.34,10.6,8.9,0.86,0.95,3.57,5.0,1,1
1,7,5,1.34,1.75,1.71,0.55,4,4,0.98,0.91,0.05,0.19,10.6,17.86,0.86,1.29,3.57,3.93,1,0
0,11,14,0.37,0.56,1.12,3.31,2,1,1.41,2.46,0.19,0.23,7.72,10.5,0.41,0.82,3.24,2.7,1,1
2,2,3,1.32,2.07,0.95,1.29,4,4,2.79,2.26,0.23,0.02,8.44,7.96,0.77,0.82,4.57,3.38,1,1
0,2,3,1.47,2.07,0.37,1.29,5,4,2.26,2.26,0.31,0.02,17.83,7.96,1.59,0.82,3.31,3.38,1,1
1,4,7,2.04,1.34,1.69,1.71,3,4,1.51,0.98,0.17,0.05,16.2,10.6,0.69,0.86,3.41,3.57,1,2
2,9,5,0.68,2.36,1.49,1.47,3,3,1.0,0.58,0.16,0.16,17.94,8.48,1.03,0.6,3.14,4.78,0,0
1,7,8,0.57,2.08,0.75,2.13,2,2,1.97,1.75,0.12,0.09,7.86,16.86,0.3,1.37,3.7,3.0,0,2
0,13,2,0.9,0.48,2.66,1.06,1,4,0.66,1.84,0.19,0.13,17.95,13.33,0.55,0.49,2.86,4.24,1,2
2,4,6,2.04,0.43,1.69,0.73,3,3,1.51,2.34,0.17,0.34,16.2,16.6,0.69,0.37,3.41,3.66,1,1
0,7,2,1.34,1.47,1.71,0.37,4,5,0.98,2.26,0.05,0.31,10.6,17.83,0.86,1.59,3.57,3.31,0,1
1,2,6,1.47,1.42,0.37,1.81,5,2,2.26,2.9,0.31,0.04,17.83,7.42,1.59,1.14,3.31,3.97,1,0
2,2,9,1.47,0.68,0.37,1.49,5,3,2.26,1.0,0.31,0.16,17.83,17.94,1.59,1.03,3.31,3.14,1,1
2,4,5,2.04,1.75,1.69,0.55,3,4,1.51,0.91,0.17,0.19,16.2,17.86,0.69,1.29,3.41,3.93,0,2
0,7,7,1.83,0.57,0.59,0.75,3,2,2.92,1.97,0.29,0.12,12.05,7.86,1.34,0.3,2.82,3.7,0,1
0,5,1,1.75,1.06,0.55,0.92,4,4,0.91,1.49,0.19,0.34,17.86,8.9,1.29,0.95,3.93,5.0,0,1
2,14,7,0.56,1.83,3.31,0.59,1,3,2.46,2.92,0.23,0.29,10.5,12.05,0.82,1.34,2.7,2.82,0,1
0,14,1,1.03,3.01,3.09,1.02,2,5,1.27,2.62,0.03,0.08,16.41,11.31,0.75,0.77,1.85,4.5,0,1
2,2,7,1.32,0.57,0.95,0.75,4,2,2.79,1.97,0.23,0.12,8.44,7.86,0.77,0.3,4.57,3.7,0,2
1,14,4,1.03,2.04,3.09,1.69,2,3,1.27,1.51,0.03,0.17,16.41,16.2,0.75,0.69,1.85,3.41,1,2
0,7,6,0.57,0.43,0.75,0.73,2,3,1.97,2.34,0.12,0.34,7.86,16.6,0.3,0.37,3.7,3.66,0,1
1,2,9,1.47,0.68,0.37,1.49,5,3,2.26,1.0,0.31,0.16,17.83,17.94,1.59,1.03,3.31,3.14,1,1
1,2,14,1.47,1.03,0.37,3.09,5,2,2.26,1.27,0.31,0.03,17.83,16.41,1.59,0.75,3.31,1.85,0,0
2,3,14,2.07,0.56,1.29,3.31,4,1,2.26,2.46,0.02,0.23,7.96,10.5,0.82,0.82,3.38,2.7,1,1
0,8,13,1.08,0.66,0.92,3.32,2,2,2.81,0.68,0.22,0.11,16.2,8.45,0.93,0.83,2.61,2.65,0,1
2,7,8,1.34,2.08,1.71,2.13,4,2,0.98,1.75,0.05,0.09,10.6,16.86,0.86,1.37,3.57,3.0,0,0
0,13,14,0.66,0.56,3.32,3.31,2,1,0.68,2.46,0.11,0.23,8.45,10.5,0.83,0.82,2.65,2.7,1,2
0,3,11,2.07,0.37,1.29,1.12,4,2,2.26,1.41,0.02,0.19,7.96,7.72,0.82,0.41,3.38,3.24,1,2
2,6,11,1.42,1.48,1.81,2.59,2,1,2.9,1.1,0.04,0.33,7.42,7.79,1.14,0.27,3.97,3.23,1,1
0,8,3,1.08,0.45,0.92,1.26,2,4,2.81,1.35,0.22,0.08,16.2,17.44,0.93,0.9,2.61,3.37,0,1
2,13,2,0.9,0.48,2.66,1.06,1,4,0.66,1.84,0.19,0.13,17.95,13.33,0.55,0.49,2.86,4.24,0,2
1,13,5,0.66,1.75,3.32,0.55,2,4,0.68,0.91,0.11,0.19,8.45,17.86,0.83,1.29,2.65,3.93,1,0
2,1,11,3.01,1.48,1.02,2.59,5,1,2.62,1.1,0.08,0.33,11.31,7.79,0.77,0.27,4.5,3.23,1,2
0,11,6,0.37,0.43,1.12,0.73,2,3,1.41,2.34,0.19,0.34,7.72,16.6,0.41,0.37,3.24,3.66,0,1
0,2,11,1.32,0.4,0.95,2.65,4,1,2.79,1.99,0.23,0.31,8.44,10.45,0.77,0.74,4.57,2.77,1,1
1,2,7,0.48,1.83,1.06,0.59,4,3,1.84,2.92,0.13,0.29,13.33,12.05,0.49,1.34,4.24,2.82,0,0
2,11,2,0.4,1.32,2.65,0.95,1,4,1.99,2.79,0.31,0.23,10.45,8.44,0.74,0.77,2.77,4.57,0,0
0,3,14,0.45,0.56,1.26,3.31,4,1,1.35,2.46,0.08,0.23,17.44,10.5,0.9,0.82,3.37,2.7,0,1
0,7,11,1.83,1.48,0.59,2.59,3,1,2.92,1.1,0.29,0.33,12.05,7.79,1.34,0.27,2.82,3.23,1,1
1,8,4,0.45,2.04,1.84,1.69,3,3,0.82,1.51,0.24,0.17,12.15,16.2,0.57,0.69,4.0,3.41,1,0
0,14,1,0.56,1.06,3.31,0.92,1,4,2.46,1.49,0.23,0.34,10.5,8.9,0.82,0.95,2.7,5.0,1,1
2,2,9,0.48,0.68,1.06,1.49,4,3,1.84,1.0,0.13,0.16,13.33,17.94,0.49,1.03,4.24,3.14,0,2
2,7,8,1.34,1.08,1.71,0.92,4,2,0.98,2.81,0.05,0.22,10.6,16.2,0.86,0.93,3.57,2.61,0,1
2,11,8,1.48,1.08,2.59,0.92,1,2,1.1,2.81,0.33,0.22,7.79,16.2,0.27,0.93,3.23,2.61,1,2
0,7,8,1.83,0.45,0.59,1.84,3,3,2.92,0.82,0.29,0.24,12.05,12.15,1.34,0.57,2.82,4.0,1,1
1,5,9,1.75,0.68,0.55,1.49,4,3,0.91,1.0,0.19,0.16,17.86,17.94,1.29,1.03,3.93,3.14,1,2
0,14,4,0.37,2.04,1.97,1.69,0,3,1.0,1.51,0.32,0.17,12.08,16.2,0.25,0.69,2.27,3.41,1,1
1,7,11,0.57,1.48,0.75,2.59,2,1,1.97,1.1,0.12,0.33,7.86,7.79,0.3,0.27,3.7,3.23,1,0
1,11,3,0.4,0.45,2.65,1.26,1,4,1.99,1.35,0.31,0.08,10.45,17.44,0.74,0.9,2.77,3.37,1,1
1,8,2,2.08,0.48,2.13,1.06,2,4,1.75,1.84,0.09,0.13,16.86,13.33,1.37,0.49,3.0,4.24,1,2
0,13,3,0.66,2.07,3.32,1.29,2,4,0.68,2.26,0.11,0.02,8.45,7.96,0.83,0.82,2.65,3.38,0,1
0,5,3,1.75,2.07,0.55,1.29,4,4,0.91,2.26,0.19,0.02,17.86,7.96,1.29,0.82,3.93,3.38,1,1
1,8,5,1.08,2.36,0.92,1.47,2,3,2.81,0.58,0.22,0.16,16.2,8.48,0.93,0.6,2.61,4.78,0,0
2,5,11,1.75,1.48,0.55,2.59,4,1,0.91,1.1,0.19,0.33,17.86,7.79,1.29,0.27,3.93,3.23,1,0
2,11,11,1.48,0.37,2.59,1.12,1,2,1.1,1.41,0.33,0.19,7.79,7.72,0.27,0.41,3.23,3.24,0,2
2,11,2,0.37,1.32,1.12,0.95,2,4,1.41,2.79,0.19,0.23,7.72,8.44,0.41,0.77,3.24,4.57,1,1
0,6,13,0.43,0.66,0.73,3.32,3,2,2.34,0.68,0.34,0.11,16.6,8.45,0.37,0.83,3.66,2.65,0,0
0,1,8,1.06,0.45,0.92,1.84,4,3,1.49,0.82,0.34,0.24,8.9,12.15,0.95,0.57,5.0,4.0,1,1
2,11,7,0.4,1.83,2.65,0.59,1,3,1.99,2.92,0.31,0.29,10.45,12.05,0.74,1.34,2.77,2.82,1,0
2,2,14,1.47,1.03,0.37,3.09,5,2,2.26,1.27,0.31,0.03,17.83,16.41,1.59,0.75,3.31,1.85,0,0
2,13,6,1.12,0.43,2.15,0.73,2,3,2.32,2.34,0.27,0.34,17.65,16.6,0.42,0.37,2.43,3.66,1,2
2,11,8,0.37,0.45,1.12,1.84,2,3,1.41,0.82,0.19,0.24,7.72,12.15,0.41,0.57,3.24,4.0,0,1
1,7,13,1.83,1.12,0.59,2.15,3,2,2.92,2.32,0.29,0.27,12.05,17.65,1.34,0.42,2.82,2.43,0,2
2,6,13,0.43,0.66,0.73,3.32,3,2,2.34,0.68,0.34,0.11,16.6,8.45,0.37,0.83,3.66,2.65,1,1
1,9,6,0.68,1.74,1.49,0.53,3,4,1.0,1.85,0.16,0.39,17.94,11.89,1.03,0.23,3.14,3.47,1,0
0,2,7,1.47,1.83,0.37,0.59,5,3,2.26,2.92,0.31,0.29,17.83,12.05,1.59,1.34,3.31,2.82,1,0
1,5,2,2.36,1.47,1.47,0.37,3,5,0.58,2.26,0.16,0.31,8.48,17.83,0.6,1.59,4.78,3.31,1,2
2,14,6,0.56,1.42,3.31,1.81,1,2,2.46,2.9,0.23,0.04,10.5,7.42,0.82,1.14,2.7,3.97,0,1
1,5,1,1.75,3.01,0.55,1.02,4,5,0.91,2.62,0.19,0.08,17.86,11.31,1.29,0.77,3.93,4.5,1,0
2,11,2,1.48,1.32,2.59,0.95,1,4,1.1,2.79,0.33,0.23,7.79,8.44,0.27,0.77,3.23,4.57,1,1
1,8,8,1.08,2.08,0.92,2.13,2,2,2.81,1.75,0.22,0.09,16.2,16.86,0.93,1.37,2.61,3.0,1,0
2,8,2,0.45,1.32,1.84,0.95,3,4,0.82,2.79,0.24,0.23,12.15,8.44,0.57,0.77,4.0,4.57,1,1
2,3,1,2.07,1.06,1.29,0.92,4,4,2.26,1.49,0.02,0.34,7.96,8.9,0.82,0.95,3.38,5.0,0,1
2,11,13,0.37,1.12,1.12,2.15,2,2,1.41,2.32,0.19,0.27,7.72,17.65,0.41,0.42,3.24,2.43,1,1
0,7,1,1.34,3.01,1.71,1.02,4,5,0.98,2.62,0.05,0.08,10.6,11.31,0.86,0.77,3.57,4.5,1,0
1,3,11,0.45,0.4,1.26,2.65,4,1,1.35,1.99,0.08,0.31,17.44,10.45,0.9,0.74,3.37,2.77,1,1
0,2,3,0.48,0.45,1.06,1.26,4,4,1.84,1.35,0.13,0.08,13.33,17.44,0.49,0.9,4.24,3.37,1,2
2,4,9,2.04,0.68,1.69,1.49,3,3,1.51,1.0,0.17,0.16,16.2,17.94,0.69,1.03,3.41,3.14,0,2
0,4,8,2.04,0.45,1.69,1.84,3,3,1.51,0.82,0.17,0.24,16.2,12.15,0.69,0.57,3.41,4.0,0,2
0,9,11,0.68,1.09,1.49,2.61,3,2,1.0,1.05,0.16,0.5,17.94,11.62,1.03,0.24,3.14,2.27,0,1
0,2,5,0.48,2.36,1.06,1.47,4,3,1.84,0.58,0.13,0.16,13.33,8.48,0.49,0.6,4.24,4.78,0,1
1,2,8,0.48,1.08,1.06,0.92,4,2,1.84,2.81,0.13,0.22,13.33,16.2,0.49,0.93,4.24,2.61,0,1
2,3,2,0.45,1.47,1.26,0.37,4,5,1.35,2.26,0.08,0.31,17.44,17.83,0.9,1.59,3.37,3.31,1,1
1,11,2,1.48,0.48,2.59,1.06,1,4,1.1,1.84,0.33,0.13,7.79,13.33,0.27,0.49,3.23,4.24,0,1
0,2,8,1.47,2.08,0.37,2.13,5,2,2.26,1.75,0.31,0.09,17.83,16.86,1.59,1.37,3.31,3.0,1,0
1,7,3,0.57,0.45,0.75,1.26,2,4,1.97,1.35,0.12,0.08,7.86,17.44,0.3,0.9,3.7,3.37,1,2
2,2,13,1.32,0.66,0.95,3.32,4,2,2.79,0.68,0.23,0.11,8.44,8.45,0.77,0.83,4.57,2.65,1,1
1,11,8,1.48,0.45,2.59,1.84,1,3,1.1,0.82,0.33,0.24,7.79,12.15,0.27,0.57,3.23,4.0,1,1
0,1,6,1.06,0.43,0.92,0.73,4,3,1.49,2.34,0.34,0.34,8.9,16.6,0.95,0.37,5.0,3.66,1,2
1,5,8,2.36,1.08,1.47,0.92,3,2,0.58,2.81,0.16,0.22,8.48,16.2,0.6,0.93,4.78,2.61,1,2
0,6,1,0.43,3.01,0.73,1.02,3,5,2.34,2.62,0.34,0.08,16.6,11.31,0.37,0.77,3.66,4.5,1,0
2,11,13,0.4,0.9,2.65,2.66,1,1,1.99,0.66,0.31,0.19,10.45,17.95,0.74,0.55,2.77,2.86,0,1
0,13,11,0.66,1.48,3.32,2.59,2,1,0.68,1.1,0.11,0.33,8.45,7.79,0.83,0.27,2.65,3.23,0,1
0,14,5,0.56,2.36,3.31,1.47,1,3,2.46,0.58,0.23,0.16,10.5,8.48,0.82,0.6,2.7,4.78,0,0
0,7,2,1.34,0.48,1.71,1.06,4,4,0.98,1.84,0.05,0.13,10.6,13.33,0.86,0.49,3.57,4.24,0,2
0,8,8,1.08,0.45,0.92,1.84,2,3,2.81,0.82,0.22,0.24,16.2,12.15,0.93,0.57,2.61,4.0,0,1
1,13,8,0.9,0.45,2.66,1.84,1,3,0.66,0.82,0.19,0.24,17.95,12.15,0.55,0.57,2.86,4.0,1,0
0,9,2,0.68,1.32,1.49,0.95,3,4,1.0,2.79,0.16,0.23,17.94,8.44,1.03,0.77,3.14,4.57,0,2
2,8,7,0.45,0.57,1.84,0.75,3,2,0.82,1.97,0.24,0.12,12.15,7.86,0.57,0.3,4.0,3.7,1,0
2,11,14,0.37,1.03,1.12,3.09,2,2,1.41,1.27,0.19,0.03,7.72,16.41,0.41,0.75,3.24,1.85,1,1
2,8,5,1.08,1.75,0.92,0.55,2,4,2.81,0.91,0.22,0.19,16.2,17.86,0.93,1.29,2.61,3.93,0,0
1,2,11,1.32,0.37,0.95,1.12,4,2,2.79,1.41,0.23,0.19,8.44,7.72,0.77,0.41,4.57,3.24,0,0
1,13,2,0.9,0.48,2.66,1.06,1,4,0.66,1.84,0.19,0.13,17.95,13.33,0.55,0.49,2.86,4.24,1,0
1,2,1,0.48,1.06,1.06,0.92,4,4,1.84,1.49,0.13,0.34,13.33,8.9,0.49,0.95,4.24,5.0,1,0
0,11,8,1.48,1.08,2.59,0.92,1,2,1.1,2.81,0.33,0.22,7.79,16.2,0.27,0.93,3.23,2.61,1,2
0,1,8,1.06,2.08,0.92,2.13,4,2,1.49,1.75,0.34,0.09,8.9,16.86,0.95,1.37,5.0,3.0,0,0
2,6,8,1.74,0.45,0.53,1.84,4,3,1.85,0.82,0.39,0.24,11.89,12.15,0.23,0.57,3.47,4.0,1,2
0,7,1,0.57,1.06,0.75,0.92,2,4,1.97,1.49,0.12,0.34,7.86,8.9,0.3,0.95,3.7,5.0,1,0
1,5,11,1.75,0.4,0.55,2.65,4,1,0.91,1.99,0.19,0.31,17.86,10.45,1.29,0.74,3.93,2.77,0,1
1,2,7,0.48,0.57,1.06,0.75,4,2,1.84,1.97,0.13,0.12,13.33,7.86,0.49,0.3,4.24,3.7,1,1
0,1,8,1.06,1.08,0.92,0.92,4,2,1.49,2.81,0.34,0.22,8.9,16.2,0.95,0.93,5.0,2.61,0,2
1,13,8,0.9,1.08,2.66,0.92,1,2,0.66,2.81,0.19,0.22,17.95,16.2,0.55,0.93,2.86,2.61,1,2
0,11,14,1.09,1.03,2.61,3.09,2,2,1.05,1.27,0.5,0.03,11.62,16.41,0.24,0.75,2.27,1.85,1,1
0,8,1,2.08,1.06,2.13,0.92,2,4,1.75,1.49,0.09,0.34,16.86,8.9,1.37,0.95,3.0,5.0,0,2
2,4,11,2.04,1.09,1.69,2.61,3,2,1.51,1.05,0.17,0.5,16.2,11.62,0.69,0.24,3.41,2.27,1,0
2,1,2,1.06,0.48,0.92,1.06,4,4,1.49,1.84,0.34,0.13,8.9,13.33,0.95,0.49,5.0,4.24,1,1
2,6,3,0.43,2.07,0.73,1.29,3,4,2.34,2.26,0.34,0.02,16.6,7.96,0.37,0.82,3.66,3.38,1,1
1,3,5,0.45,1.75,1.26,0.55,4,4,1.35,0.91,0.08,0.19,17.44,17.86,0.9,1.29,3.37,3.93,0,1
0,8,7,0.45,0.57,1.84,0.75,3,2,0.82,1.97,0.24,0.12,12.15,7.86,0.57,0.3,4.0,3.7,1,1
0,13,2,1.12,1.32,2.15,0.95,2,4,2.32,2.79,0.27,0.23,17.65,8.44,0.42,0.77,2.43,4.57,0,1
2,11,5,1.09,2.36,2.61,1.47,2,3,1.05,0.58,0.5,0.16,11.62,8.48,0.24,0.6,2.27,4.78,1,0
0,9,11,0.68,0.4,1.49,2.65,3,1,1.0,1.99,0.16,0.31,17.94,10.45,1.03,0.74,3.14,2.77,0,1
1,13,1,0.9,1.06,2.66,0.92,1,4,0.66,1.49,0.19,0.34,17.95,8.9,0.55,0.95,2.86,5.0,1,1
2,1,7,3.01,0.57,1.02,0.75,5,2,2.62,1.97,0.08,0.12,11.31,7.86,0.77,0.3,4.5,3.7,1,2
2,11,6,1.48,1.74,2.59,0.53,1,4,1.1,1.85,0.33,0.39,7.79,11.89,0.27,0.23,3.23,3.47,1,2
1,5,6,2.36,1.42,1.47,1.81,3,2,0.58,2.9,0.16,0.04,8.48,7.42,0.6,1.14,4.78,3.97,1,0
2,11,6,1.09,0.43,2.61,0.73,2,3,1.05,2.34,0.5,0.34,11.62,16.6,0.24,0.37,2.27,3.66,0,0
1,6,1,0.43,3.01,0.73,1.02,3,5,2.34,2.62,0.34,0.08,16.6,11.31,0.37,0.77,3.66,4.5,1,0
0,11,7,1.09,1.34,2.61,1.71,2,4,1.05,0.98,0.5,0.05,11.62,10.6,0.24,0.86,2.27,3.57,1,0
0,6,8,1.74,2.08,0.53,2.13,4,2,1.85,1.75,0.39,0.09,11.89,16.86,0.23,1.37,3.47,3.0,1,1
2,3,6,0.45,1.74,1.26,0.53,4,4,1.35,1.85,0.08,0.39,17.44,11.89,0.9,0.23,3.37,3.47,1,0
0,6,2,1.42,1.32,1.81,0.95,2,4,2.9,2.79,0.04,0.23,7.42,8.44,1.14,0.77,3.97,4.57,0,1
1,4,14,2.04,1.03,1.69,3.09,3,2,1.51,1.27,0.17,0.03,16.2,16.41,0.69,0.75,3.41,1.85,1,1
0,13,6,0.9,0.43,2.66,0.73,1,3,0.66,2.34,0.19,0.34,17.95,16.6,0.55,0.37,2.86,3.66,0,1
2,2,3,1.32,2.07,0.95,1.29,4,4,2.79,2.26,0.23,0.02,8.44,7.96,0.77,0.82,4.57,3.38,0,0
1,8,5,0.45,1.75,1.84,0.55,3,4,0.82,0.91,0.24,0.19,12.15,17.86,0.57,1.29,4.0,3.93,1,1
1,2,14,0.48,1.03,1.06,3.09,4,2,1.84,1.27,0.13,0.03,13.33,16.41,0.49,0.75,4.24,1.85,0,2
0,14,2,0.37,1.32,1.97,0.95,0,4,1.0,2.79,0.32,0.23,12.08,8.44,0.25,0.77,2.27,4.57,1,0
0,2,11,1.32,0.4,0.95,2.65,4,1,2.79,1.99,0.23,0.31,8.44,10.45,0.77,0.74,4.57,2.77,0,2
0,8,7,2.08,1.83,2.13,0.59,2,3,1.75,2.92,0.09,0.29,16.86,12.05,1.37,1.34,3.0,2.82,0,1
1,13,9,1.12,0.68,2.15,1.49,2,3,2.32,1.0,0.27,0.16,17.65,17.94,0.42,1.03,2.43,3.14,1,1
2,13,11,0.9,0.37,2.66,1.12,1,2,0.66,1.41,0.19,0.19,17.95,7.72,0.55,0.41,2.86,3.24,0,0
2,5,2,1.75,0.48,0.55,1.06,4,4,0.91,1.84,0.19,0.13,17.86,13.33,1.29,0.49,3.93,4.24,0,2
0,6,13,1.74,0.9,0.53,2.66,4,1,1.85,0.66,0.39,0.19,11.89,17.95,0.23,0.55,3.47,2.86,1,1
2,5,6,2.36,0.43,1.47,0.73,3,3,0.58,2.34,0.16,0.34,8.48,16.6,0.6,0.37,4.78,3.66,1,2
0,7,3,1.83,0.45,0.59,1.26,3,4,2.92,1.35,0.29,0.08,12.05,17.44,1.34,0.9,2.82,3.37,1,2
0,2,7,1.47,1.83,0.37,0.59,5,3,2.26,2.92,0.31,0.29,17.83,12.05,1.59,1.34,3.31,2.82,1,1
1,6,13,1.42,1.12,1.81,2.15,2,2,2.9,2.32,0.04,0.27,7.42,17.65,1.14,0.42,3.97,2.43,0,0
1,4,7,2.04,1.83,1.69,0.59,3,3,1.51,2.92,0.17,0.29,16.2,12.05,0.69,1.34,3.41,2.82,0,2
0,14,3,0.56,2.07,3.31,1.29,1,4,2.46,2.26,0.23,0.02,10.5,7.96,0.82,0.82,2.7,3.38,1,1
0,7,1,0.57,3.01,0.75,1.02,2,5,1.97,2.62,0.12,0.08,7.86,11.31,0.3,0.77,3.7,4.5,0,0
2,14,2,1.03,1.32,3.09,0.95,2,4,1.27,2.79,0.03,0.23,16.41,8.44,0.75,0.77,1.85,4.57,0,2
2,11,11,1.09,0.4,2.61,2.65,2,1,1.05,1.99,0.5,0.31,11.62,10.45,0.24,0.74,2.27,2.77,1,1
0,9,8,0.68,2.08,1.49,2.13,3,2,1.0,1.75,0.16,0.09,17.94,16.86,1.03,1.37,3.14,3.0,1,1
1,14,3,0.56,0.45,3.31,1.26,1,4,2.46,1.35,0.23,0.08,10.5,17.44,0.82,0.9,2.7,3.37,0,1
1,7,3,0.57,2.07,0.75,1.29,2,4,1.97,2.26,0.12,0.02,7.86,7.96,0.3,0.82,3.7,3.38,1,0
0,13,9,1.12,0.68,2.15,1.49,2,3,2.32,1.0,0.27,0.16,17.65,17.94,0.42,1.03,2.43,3.14,0,1
0,13,8,1.12,0.45,2.15,1.84,2,3,2.32,0.82,0.27,0.24,17.65,12.15,0.42,0.57,2.43,4.0,0,1
2,8,8,1.08,0.45,0.92,1.84,2,3,2.81,0.82,0.22,0.24,16.2,12.15,0.93,0.57,2.61,4.0,1,1
0,1,3,3.01,0.45,1.02,1.26,5,4,2.62,1.35,0.08,0.08,11.31,17.44,0.77,0.9,4.5,3.37,1,2
1,14,6,1.03,1.42,3.09,1.81,2,2,1.27,2.9,0.03,0.04,16.41,7.42,0.75,1.14,1.85,3.97,1,1
1,14,11,0.37,0.4,1.97,2.65,0,1,1.0,1.99,0.32,0.31,12.08,10.45,0.25,0.74,2.27,2.77,0,1
0,3,5,0.45,1.75,1.26,0.55,4,4,1.35,0.91,0.08,0.19,17.44,17.86,0.9,1.29,3.37,3.93,0,1
2,5,9,1.75,0.68,0.55,1.49,4,3,0.91,1.0,0.19,0.16,17.86,17.94,1.29,1.03,3.93,3.14,0,1
1,14,13,0.56,1.12,3.31,2.15,1,2,2.46,2.32,0.23,0.27,10.5,17.65,0.82,0.42,2.7,2.43,1,1
2,13,11,1.12,0.37,2.15,1.12,2,2,2.32,1.41,0.27,0.19,17.65,7.72,0.42,0.41,2.43,3.24,1,1
1,7,7,0.57,1.34,0.75,1.71,2,4,1.97,0.98,0.12,0.05,7.86,10.6,0.3,0.86,3.7,3.57,1,1
2,1,2,1.06,0.48,0.92,1.06,4,4,1.49,1.84,0.34,0.13,8.9,13.33,0.95,0.49,5.0,4.24,1,1
0,5,11,2.36,1.48,1.47,2.59,3,1,0.58,1.1,0.16,0.33,8.48,7.79,0.6,0.27,4.78,3.23,1,2
1,2,2,1.32,0.48,0.95,1.06,4,4,2.79,1.84,0.23,0.13,8.44,13.33,0.77,0.49,4.57,4.24,1,2
2,11,7,1.09,1.34,2.61,1.71,2,4,1.05,0.98,0.5,0.05,11.62,10.6,0.24,0.86,2.27,3.57,0,2
1,11,5,1.09,2.36,2.61,1.47,2,3,1.05,0.58,0.5,0.16,11.62,8.48,0.24,0.6,2.27,4.78,0,1
2,11,2,0.4,1.32,2.65,0.95,1,4,1.99,2.79,0.31,0.23,10.45,8.44,0.74,0.77,2.77,4.57,0,2
2,3,2,2.07,1.32,1.29,0.95,4,4,2.26,2.79,0.02,0.23,7.96,8.44,0.82,0.77,3.38,4.57,0,0
2,3,11,0.45,1.48,1.26,2.59,4,1,1.35,1.1,0.08,0.33,17.44,7.79,0.9,0.27,3.37,3.23,0,1
1,6,8,1.42,0.45,1.81,1.84,2,3,2.9,0.82,0.04,0.24,7.42,12.15,1.14,0.57,3.97,4.0,0,1
1,14,6,0.56,1.42,3.31,1.81,1,2,2.46,2.9,0.23,0.04,10.5,7.42,0.82,1.14,2.7,3.97,0,1
1,13,2,0.9,0.48,2.66,1.06,1,4,0.66,1.84,0.19,0.13,17.95,13.33,0.55,0.49,2.86,4.24,0,2
0,4,1,2.04,1.06,1.69,0.92,3,4,1.51,1.49,0.17,0.34,16.2,8.9,0.69,0.95,3.41,5.0,1,2
0,13,7,0.9,0.57,2.66,0.75,1,2,0.66,1.97,0.19,0.12,17.95,7.86,0.55,0.3,2.86,3.7,1,1
1,14,8,0.37,1.08,1.97,0.92,0,2,1.0,2.81,0.32,0.22,12.08,16.2,0.25,0.93,2.27,2.61,0,1
1,8,3,2.08,2.07,2.13,1.29,2,4,1.75,2.26,0.09,0.02,16.86,7.96,1.37,0.82,3.0,3.38,0,0
0,7,8,0.57,2.08,0.75,2.13,2,2,1.97,1.75,0.12,0.09,7.86,16.86,0.3,1.37,3.7,3.0,1,0
1,3,7,2.07,1.83,1.29,0.59,4,3,2.26,2.92,0.02,0.29,7.96,12.05,0.82,1.34,3.38,2.82,0,0
2,5,7,1.75,0.57,0.55,0.75,4,2,0.91,1.97,0.19,0.12,17.86,7.86,1.29,0.3,3.93,3.7,0,1
0,6,13,1.74,0.9,0.53,2.66,4,1,1.85,0.66,0.39,0.19,11.89,17.95,0.23,0.55,3.47,2.86,0,1
1,2,5,0.48,1.75,1.06,0.55,4,4,1.84,0.91,0.13,0.19,13.33,17.86,0.49,1.29,4.24,3.93,0,1
2,2,7,0.48,1.34,1.06,1.71,4,4,1.84,0.98,0.13,0.05,13.33,10.6,0.49,0.86,4.24,3.57,0,0
0,5,5,2.36,1.75,1.47,0.55,3,4,0.58,0.91,0.16,0.19,8.48,17.86,0.6,1.29,4.78,3.93,0,2
1,7,2,1.34,1.47,1.71,0.37,4,5,0.98,2.26,0.05,0.31,10.6,17.83,0.86,1.59,3.57,3.31,0,0
0,11,14,1.09,1.03,2.61,3.09,2,2,1.05,1.27,0.5,0.03,11.62,16.41,0.24,0.75,2.27,1.85,1,0
1,5,7,1.75,0.57,0.55,0.75,4,2,0.91,1.97,0.19,0.12,17.86,7.86,1.29,0.3,3.93,3.7,1,1
1,1,8,3.01,1.08,1.02,0.92,5,2,2.62,2.81,0.08,0.22,11.31,16.2,0.77,0.93,4.5,2.61,0,2
1,5,6,1.75,1.42,0.55,1.81,4,2,0.91,2.9,0.19,0.04,17.86,7.42,1.29,1.14,3.93,3.97,0,0
2,3,8,0.45,2.08,1.26,2.13,4,2,1.35,1.75,0.08,0.09,17.44,16.86,0.9,1.37,3.37,3.0,1,0
0,1,13,1.06,0.66,0.92,3.32,4,2,1.49,0.68,0.34,0.11,8.9,8.45,0.95,0.83,5.0,2.65,1,1
2,13,13,0.66,0.9,3.32,2.66,2,1,0.68,0.66,0.11,0.19,8.45,17.95,0.83,0.55,2.65,2.86,0,0
0,14,7,1.03,0.57,3.09,0.75,2,2,1.27,1.97,0.03,0.12,16.41,7.86,0.75,0.3,1.85,3.7,0,2
0,8,8,0.45,2.08,1.84,2.13,3,2,0.82,1.75,0.24,0.09,12.15,16.86,0.57,1.37,4.0,3.0,1,1
1,11,5,1.09,2.36,2.61,1.47,2,3,1.05,0.58,0.5,0.16,11.62,8.48,0.24,0.6,2.27,4.78,0,1
2,13,11,0.66,0.4,3.32,2.65,2,1,0.68,1.99,0.11,0.31,8.45,10.45,0.83,0.74,2.65,2.77,1,0
0,8,8,2.08,1.08,2.13,0.92,2,2,1.75,2.81,0.09,0.22,16.86,16.2,1.37,0.93,3.0,2.61,1,1
1,1,4,1.06,2.04,0.92,1.69,4,3,1.49,1.51,0.34,0.17,8.9,16.2,0.95,0.69,5.0,3.41,0,0
1,11,2,1.09,1.47,2.61,0.37,2,5,1.05,2.26,0.5,0.31,11.62,17.83,0.24,1.59,2.27,3.31,1,1
2,3,11,2.07,1.48,1.29,2.59,4,1,2.26,1.1,0.02,0.33,7.96,7.79,0.82,0.27,3.38,3.23,0,2
0,1,13,3.01,0.66,1.02,3.32,5,2,2.62,0.68,0.08,0.11,11.31,8.45,0.77,0.83,4.5,2.65,1,2
0,3,4,2.07,2.04,1.29,1.69,4,3,2.26,1.51,0.02,0.17,7.96,16.2,0.82,0.69,3.38,3.41,1,2
1,14,13,0.56,1.12,3.31,2.15,1,2,2.46,2.32,0.23,0.27,10.5,17.65,0.82,0.42,2.7,2.43,0,1
1,13,6,0.66,1.74,3.32,0.53,2,4,0.68,1.85,0.11,0.39,8.45,11.89,0.83,0.23,2.65,3.47,1,1
0,4,2,2.04,1.47,1.69,0.37,3,5,1.51,2.26,0.17,0.31,16.2,17.83,0.69,1.59,3.41,3.31,0,2
1,7,7,1.83,1.34,0.59,1.71,3,4,2.92,0.98,0.29,0.05,12.05,10.6,1.34,0.86,2.82,3.57,0,1
2,6,2,0.43,0.48,0.73,1.06,3,4,2.34,1.84,0.34,0.13,16.6,13.33,0.37,0.49,3.66,4.24,1,1
0,8,1,0.45,3.01,1.84,1.02,3,5,0.82,2.62,0.24,0.08,12.15,11.31,0.57,0.77,4.0,4.5,1,0
1,5,5,1.75,2.36,0.55,1.47,4,3,0.91,0.58,0.19,0.16,17.86,8.48,1.29,0.6,3.93,4.78,0,2
0,5,14,2.36,0.56,1.47,3.31,3,1,0.58,2.46,0.16,0.23,8.48,10.5,0.6,0.82,4.78,2.7,0,0
1,14,1,1.03,1.06,3.09,0.92,2,4,1.27,1.49,0.03,0.34,16.41,8.9,0.75,0.95,1.85,5.0,1,2
2,6,8,1.74,2.08,0.53,2.13,4,2,1.85,1.75,0.39,0.09,11.89,16.86,0.23,1.37,3.47,3.0,1,1
2,14,11,0.56,1.48,3.31,2.59,1,1,2.46,1.1,0.23,0.33,10.5,7.79,0.82,0.27,2.7,3.23,0,1
0,11,13,0.4,0.66,2.65,3.32,1,2,1.99,0.68,0.31,0.11,10.45,8.45,0.74,0.83,2.77,2.65,1,1
0,8,9,2.08,0.68,2.13,1.49,2,3,1.75,1.0,0.09,0.16,16.86,17.94,1.37,1.03,3.0,3.14,1,1
1,7,11,1.83,0.4,0.59,2.65,3,1,2.92,1.99,0.29,0.31,12.05,10.45,1.34,0.74,2.82,2.77,0,1
0,14,1,0.37,3.01,1.97,1.02,0,5,1.0,2.62,0.32,0.08,12.08,11.31,0.25,0.77,2.27,4.5,1,0
0,14,9,0.56,0.68,3.31,1.49,1,3,2.46,1.0,0.23,0.16,10.5,17.94,0.82,1.03,2.7,3.14,0,1
2,6,11,0.43,0.37,0.73,1.12,3,2,2.34,1.41,0.34,0.19,16.6,7.72,0.37,0.41,3.66,3.24,0,1
2,13,1,0.9,3.01,2.66,1.02,1,5,0.66,2.62,0.19,0.08,17.95,11.31,0.55,0.77,2.86,4.5,0,0
2,4,2,2.04,0.48,1.69,1.06,3,4,1.51,1.84,0.17,0.13,16.2,13.33,0.69,0.49,3.41,4.24,1,2
2,7,11,1.34,0.37,1.71,1.12,4,2,0.98,1.41,0.05,0.19,10.6,7.72,0.86,0.41,3.57,3.24,1,2
0,13,11,0.9,1.48,2.66,2.59,1,1,0.66,1.1,0.19,0.33,17.95,7.79,0.55,0.27,2.86,3.23,0,0
2,6,11,1.74,1.09,0.53,2.61,4,2,1.85,1.05,0.39,0.5,11.89,11.62,0.23,0.24,3.47,2.27,1,0
0,13,3,0.66,2.07,3.32,1.29,2,4,0.68,2.26,0.11,0.02,8.45,7.96,0.83,0.82,2.65,3.38,1,2
2,8,7,0.45,0.57,1.84,0.75,3,2,0.82,1.97,0.24,0.12,12.15,7.86,0.57,0.3,4.0,3.7,1,0
1,8,14,0.45,1.03,1.84,3.09,3,2,0.82,1.27,0.24,0.03,12.15,16.41,0.57,0.75,4.0,1.85,0,1
2,13,7,0.66,0.57,3.32,0.75,2,2,0.68,1.97,0.11,0.12,8.45,7.86,0.83,0.3,2.65,3.7,0,1
0,4,2,2.04,0.48,1.69,1.06,3,4,1.51,1.84,0.17,0.13,16.2,13.33,0.69,0.49,3.41,4.24,0,1
0,11,13,1.09,0.9,2.61,2.66,2,1,1.05,0.66,0.5,0.19,11.62,17.95,0.24,0.55,2.27,2.86,0,1
2,8,11,1.08,1.09,0.92,2.61,2,2,2.81,1.05,0.22,0.5,16.2,11.62,0.93,0.24,2.61,2.27,0,2
0,2,2,0.48,1.47,1.06,0.37,4,5,1.84,2.26,0.13,0.31,13.33,17.83,0.49,1.59,4.24,3.31,1,0
2,11,3,0.4,0.45,2.65,1.26,1,4,1.99,1.35,0.31,0.08,10.45,17.44,0.74,0.9,2.77,3.37,0,1
1,1,1,3.01,1.06,1.02,0.92,5,4,2.62,1.49,0.08,0.34,11.31,8.9,0.77,0.95,4.5,5.0,1,2
2,7,14,1.34,0.37,1.71,1.97,4,0,0.98,1.0,0.05,0.32,10.6,12.08,0.86,0.25,3.57,2.27,0,1
1,2,6,1.47,1.42,0.37,1.81,5,2,2.26,2.9,0.31,0.04,17.83,7.42,1.59,1.14,3.31,3.97,1,0
2,7,2,1.34,0.48,1.71,1.06,4,4,0.98,1.84,0.05,0.13,10.6,13.33,0.86,0.49,3.57,4.24,1,1
2,8,6,0.45,1.42,1.84,1.81,3,2,0.82,2.9,0.24,0.04,12.15,7.42,0.57,1.14,4.0,3.97,0,1
1,6,13,0.43,1.12,0.73,2.15,3,2,2.34,2.32,0.34,0.27,16.6,17.65,0.37,0.42,3.66,2.43,0,1
0,7,6,1.34,1.74,1.71,0.53,4,4,0.98,1.85,0.05,0.39,10.6,11.89,0.86,0.23,3.57,3.47,1,0
2,5,6,1.75,0.43,0.55,0.73,4,3,0.91,2.34,0.19,0.34,17.86,16.6,1.29,0.37,3.93,3.66,1,2
1,11,9,1.09,0.68,2.61,1.49,2,3,1.05,1.0,0.5,0.16,11.62,17.94,0.24,1.03,2.27,3.14,0,2
2,8,14,2.08,0.56,2.13,3.31,2,1,1.75,2.46,0.09,0.23,16.86,10.5,1.37,0.82,3.0,2.7,0,1
1,11,13,0.4,0.9,2.65,2.66,1,1,1.99,0.66,0.31,0.19,10.45,17.95,0.74,0.55,2.77,2.86,0,1
1,4,14,2.04,1.03,1.69,3.09,3,2,1.51,1.27,0.17,0.03,16.2,16.41,0.69,0.75,3.41,1.85,1,1
1,14,14,0.56,0.37,3.31,1.97,1,0,2.46,1.0,0.23,0.32,10.5,12.08,0.82,0.25,2.7,2.27,1,1
1,11,8,1.48,1.08,2.59,0.92,1,2,1.1,2.81,0.33,0.22,7.79,16.2,0.27,0.93,3.23,2.61,0,2
2,6,13,0.43,0.9,0.73,2.66,3,1,2.34,0.66,0.34,0.19,16.6,17.95,0.37,0.55,3.66,2.86,0,1
2,7,13,1.34,1.12,1.71,2.15,4,2,0.98,2.32,0.05,0.27,10.6,17.65,0.86,0.42,3.57,2.43,1,1
1,3,8,0.45,0.45,1.26,1.84,4,3,1.35,0.82,0.08,0.24,17.44,12.15,0.9,0.57,3.37,4.0,1,1
0,9,11,0.68,1.09,1.49,2.61,3,2,1.0,1.05,0.16,0.5,17.94,11.62,1.03,0.24,3.14,2.27,1,1
2,2,3,1.47,0.45,0.37,1.26,5,4,2.26,1.35,0.31,0.08,17.83,17.44,1.59,0.9,3.31,3.37,0,2
1,3,5,2.07,1.75,1.29,0.55,4,4,2.26,0.91,0.02,0.19,7.96,17.86,0.82,1.29,3.38,3.93,1,2
2,1,13,1.06,1.12,0.92,2.15,4,2,1.49,2.32,0.34,0.27,8.9,17.65,0.95,0.42,5.0,2.43,0,1
0,8,1,2.08,3.01,2.13,1.02,2,5,1.75,2.62,0.09,0.08,16.86,11.31,1.37,0.77,3.0,4.5,0,0
1,1,7,1.06,1.34,0.92,1.71,4,4,1.49,0.98,0.34,0.05,8.9,10.6,0.95,0.86,5.0,3.57,1,1
0,7,8,1.83,1.08,0.59,0.92,3,2,2.92,2.81,0.29,0.22,12.05,16.2,1.34,0.93,2.82,2.61,1,1
2,5,11,1.75,1.09,0.55,2.61,4,2,0.91,1.05,0.19,0.5,17.86,11.62,1.29,0.24,3.93,2.27,1,1
1,2,3,1.32,2.07,0.95,1.29,4,4,2.79,2.26,0.23,0.02,8.44,7.96,0.77,0.82,4.57,3.38,0,2
2,9,13,0.68,1.12,1.49,2.15,3,2,1.0,2.32,0.16,0.27,17.94,17.65,1.03,0.42,3.14,2.43,1,1
2,1,6,3.01,1.42,1.02,1.81,5,2,2.62,2.9,0.08,0.04,11.31,7.42,0.77,1.14,4.5,3.97,0,2
1,13,13,0.66,0.9,3.32,2.66,2,1,0.68,0.66,0.11,0.19,8.45,17.95,0.83,0.55,2.65,2.86,0,1
1,8,14,1.08,0.37,0.92,1.97,2,0,2.81,1.0,0.22,0.32,16.2,12.08,0.93,0.25,2.61,2.27,0,2
2,1,7,3.01,1.34,1.02,1.71,5,4,2.62,0.98,0.08,0.05,11.31,10.6,0.77,0.86,4.5,3.57,1,2
0,11,5,0.4,1.75,2.65,0.55,1,4,1.99,0.91,0.31,0.19,10.45,17.86,0.74,1.29,2.77,3.93,1,1
0,6,2,1.42,1.47,1.81,0.37,2,5,2.9,2.26,0.04,0.31,7.42,17.83,1.14,1.59,3.97,3.31,1,0
0,7,14,1.83,1.03,0.59,3.09,3,2,2.92,1.27,0.29,0.03,12.05,16.41,1.34,0.75,2.82,1.85,0,0
1,2,2,1.32,1.47,0.95,0.37,4,5,2.79,2.26,0.23,0.31,8.44,17.83,0.77,1.59,4.57,3.31,0,1
1,6,1,1.42,1.06,1.81,0.92,2,4,2.9,1.49,0.04,0.34,7.42,8.9,1.14,0.95,3.97,5.0,1,2
0,2,8,0.48,0.45,1.06,1.84,4,3,1.84,0.82,0.13,0.24,13.33,12.15,0.49,0.57,4.24,4.0,1,1
1,3,9,2.07,0.68,1.29,1.49,4,3,2.26,1.0,0.02,0.16,7.96,17.94,0.82,1.03,3.38,3.14,0,0
1,6,11,1.42,1.09,1.81,2.61,2,2,2.9,1.05,0.04,0.5,7.42,11.62,1.14,0.24,3.97,2.27,1,1
1,5,7,2.36,0.57,1.47,0.75,3,2,0.58,1.97,0.16,0.12,8.48,7.86,0.6,0.3,4.78,3.7,1,2
1,1,11,3.01,1.48,1.02,2.59,5,1,2.62,1.1,0.08,0.33,11.31,7.79,0.77,0.27,4.5,3.23,1,2
1,8,3,1.08,0.45,0.92,1.26,2,4,2.81,1.35,0.22,0.08,16.2,17.44,0.93,0.9,2.61,3.37,0,1
0,7,13,0.57,1.12,0.75,2.15,2,2,1.97,2.32,0.12,0.27,7.86,17.65,0.3,0.42,3.7,2.43,1,1
1,13,8,1.12,1.08,2.15,0.92,2,2,2.32,2.81,0.27,0.22,17.65,16.2,0.42,0.93,2.43,2.61,1,1
2,3,5,0.45,1.75,1.26,0.55,4,4,1.35,0.91,0.08,0.19,17.44,17.86,0.9,1.29,3.37,3.93,0,1
1,14,7,1.03,0.57,3.09,0.75,2,2,1.27,1.97,0.03,0.12,16.41,7.86,0.75,0.3,1.85,3.7,1,1
2,13,11,0.9,1.09,2.66,2.61,1,2,0.66,1.05,0.19,0.5,17.95,11.62,0.55,0.24,2.86,2.27,1,2
0,1,2,3.01,1.47,1.02,0.37,5,5,2.62,2.26,0.08,0.31,11.31,17.83,0.77,1.59,4.5,3.31,0,2
0,1,3,1.06,2.07,0.92,1.29,4,4,1.49,2.26,0.34,0.02,8.9,7.96,0.95,0.82,5.0,3.38,1,2
1,6,1,0.43,3.01,0.73,1.02,3,5,2.34,2.62,0.34,0.08,16.6,11.31,0.37,0.77,3.66,4.5,0,1
1,5,6,2.36,1.74,1.47,0.53,3,4,0.58,1.85,0.16,0.39,8.48,11.89,0.6,0.23,4.78,3.47,1,2
2,6,7,1.74,0.57,0.53,0.75,4,2,1.85,1.97,0.39,0.12,11.89,7.86,0.23,0.3,3.47,3.7,0,1
1,8,11,2.08,0.4,2.13,2.65,2,1,1.75,1.99,0.09,0.31,16.86,10.45,1.37,0.74,3.0,2.77,0,0
2,3,6,2.07,0.43,1.29,0.73,4,3,2.26,2.34,0.02,0.34,7.96,16.6,0.82,0.37,3.38,3.66,0,2
0,8,6,1.08,1.74,0.92,0.53,2,4,2.81,1.85,0.22,0.39,16.2,11.89,0.93,0.23,2.61,3.47,0,1
1,14,13,1.03,0.66,3.09,3.32,2,2,1.27,0.68,0.03,0.11,16.41,8.45,0.75,0.83,1.85,2.65,0,1
1,11,14,0.4,1.03,2.65,3.09,1,2,1.99,1.27,0.31,0.03,10.45,16.41,0.74,0.75,2.77,1.85,0,0
2,11,8,1.48,0.45,2.59,1.84,1,3,1.1,0.82,0.33,0.24,7.79,12.15,0.27,0.57,3.23,4.0,1,1
2,2,14,0.48,0.37,1.06,1.97,4,0,1.84,1.0,0.13,0.32,13.33,12.08,0.49,0.25,4.24,2.27,1,1
0,8,1,0.45,3.01,1.84,1.02,3,5,0.82,2.62,0.24,0.08,12.15,11.31,0.57,0.77,4.0,4.5,1,0
0,13,7,0.66,1.34,3.32,1.71,2,4,0.68,0.98,0.11,0.05,8.45,10.6,0.83,0.86,2.65,3.57,1,1
2,8,3,1.08,0.45,0.92,1.26,2,4,2.81,1.35,0.22,0.08,16.2,17.44,0.93,0.9,2.61,3.37,1,1
1,7,7,0.57,1.83,0.75,0.59,2,3,1.97,2.92,0.12,0.29,7.86,12.05,0.3,1.34,3.7,2.82,1,0
1,14,13,0.56,0.9,3.31,2.66,1,1,2.46,0.66,0.23,0.19,10.5,17.95,0.82,0.55,2.7,2.86,1,1
2,2,7,1.47,1.34,0.37,1.71,5,4,2.26,0.98,0.31,0.05,17.83,10.6,1.59,0.86,3.31,3.57,1,1
2,11,11,0.37,1.48,1.12,2.59,2,1,1.41,1.1,0.19,0.33,7.72,7.79,0.41,0.27,3.24,3.23,1,1
0,11,8,1.09,0.45,2.61,1.84,2,3,1.05,0.82,0.5,0.24,11.62,12.15,0.24,0.57,2.27,4.0,0,1
1,3,7,2.07,1.34,1.29,1.71,4,4,2.26,0.98,0.02,0.05,7.96,10.6,0.82,0.86,3.38,3.57,1,2
2,11,2,0.37,1.47,1.12,0.37,2,5,1.41,2.26,0.19,0.31,7.72,17.83,0.41,1.59,3.24,3.31,0,1
1,11,2,0.37,1.32,1.12,0.95,2,4,1.41,2.79,0.19,0.23,7.72,8.44,0.41,0.77,3.24,4.57,0,1
2,13,3,0.9,0.45,2.66,1.26,1,4,0.66,1.35,0.19,0.08,17.95,17.44,0.55,0.9,2.86,3.37,0,2
0,6,7,1.74,1.83,0.53,0.59,4,3,1.85,2.92,0.39,0.29,11.89,12.05,0.23,1.34,3.47,2.82,1,2
0,11,14,1.48,0.56,2.59,3.31,1,1,1.1,2.46,0.33,0.23,7.79,10.5,0.27,0.82,3.23,2.7,1,1
1,11,14,0.37,1.03,1.12,3.09,2,2,1.41,1.27,0.19,0.03,7.72,16.41,0.41,0.75,3.24,1.85,1,1
1,2,7,1.47,0.57,0.37,0.75,5,2,2.26,1.97,0.31,0.12,17.83,7.86,1.59,0.3,3.31,3.7,1,1
1,1,6,1.06,1.74,0.92,0.53,4,4,1.49,1.85,0.34,0.39,8.9,11.89,0.95,0.23,5.0,3.47,1,0
0,9,8,0.68,1.08,1.49,0.92,3,2,1.0,2.81,0.16,0.22,17.94,16.2,1.03,0.93,3.14,2.61,1,2
1,2,4,1.47,2.04,0.37,1.69,5,3,2.26,1.51,0.31,0.17,17.83,16.2,1.59,0.69,3.31,3.41,1,0
1,4,11,2.04,1.48,1.69,2.59,3,1,1.51,1.1,0.17,0.33,16.2,7.79,0.69,0.27,3.41,3.23,0,1
2,5,9,1.75,0.68,0.55,1.49,4,3,0.91,1.0,0.19,0.16,17.86,17.94,1.29,1.03,3.93,3.14,0,2
0,6,11,0.43,0.4,0.73,2.65,3,1,2.34,1.99,0.34,0.31,16.6,10.45,0.37,0.74,3.66,2.77,1,1
2,14,2,1.03,0.48,3.09,1.06,2,4,1.27,1.84,0.03,0.13,16.41,13.33,0.75,0.49,1.85,4.24,1,1
2,7,3,1.34,0.45,1.71,1.26,4,4,0.98,1.35,0.05,0.08,10.6,17.44,0.86,0.9,3.57,3.37,0,2
2,1,13,3.01,1.12,1.02,2.15,5,2,2.62,2.32,0.08,0.27,11.31,17.65,0.77,0.42,4.5,2.43,0,0
0,4,11,2.04,1.48,1.69,2.59,3,1,1.51,1.1,0.17,0.33,16.2,7.79,0.69,0.27,3.41,3.23,0,0
1,2,3,1.47,0.45,0.37,1.26,5,4,2.26,1.35,0.31,0.08,17.83,17.44,1.59,0.9,3.31,3.37,1,1
0,7,13,1.83,0.9,0.59,2.66,3,1,2.92,0.66,0.29,0.19,12.05,17.95,1.34,0.55,2.82,2.86,0,1
1,8,13,2.08,0.9,2.13,2.66,2,1,1.75,0.66,0.09,0.19,16.86,17.95,1.37,0.55,3.0,2.86,1,1
1,2,5,1.47,1.75,0.37,0.55,5,4,2.26,0.91,0.31,0.19,17.83,17.86,1.59,1.29,3.31,3.93,0,1
0,7,7,0.57,1.83,0.75,0.59,2,3,1.97,2.92,0.12,0.29,7.86,12.05,0.3,1.34,3.7,2.82,0,2
0,13,14,1.12,0.37,2.15,1.97,2,0,2.32,1.0,0.27,0.32,17.65,12.08,0.42,0.25,2.43,2.27,1,1
0,8,3,0.45,2.07,1.84,1.29,3,4,0.82,2.26,0.24,0.02,12.15,7.96,0.57,0.82,4.0,3.38,1,0
0,13,8,0.66,2.08,3.32,2.13,2,2,0.68,1.75,0.11,0.09,8.45,16.86,0.83,1.37,2.65,3.0,1,1
2,14,7,0.56,1.83,3.31,0.59,1,3,2.46,2.92,0.23,0.29,10.5,12.05,0.82,1.34,2.7,2.82,0,2
0,11,7,0.4,1.83,2.65,0.59,1,3,1.99,2.92,0.31,0.29,10.45,12.05,0.74,1.34,2.77,2.82,1,0
1,14,4,0.37,2.04,1.97,1.69,0,3,1.0,1.51,0.32,0.17,12.08,16.2,0.25,0.69,2.27,3.41,1,1
0,7,11,1.83,1.09,0.59,2.61,3,2,2.92,1.05,0.29,0.5,12.05,11.62,1.34,0.24,2.82,2.27,0,2
0,11,1,1.09,3.01,2.61,1.02,2,5,1.05,2.62,0.5,0.08,11.62,11.31,0.24,0.77,2.27,4.5,1,0
0,14,14,1.03,0.56,3.09,3.31,2,1,1.27,2.46,0.03,0.23,16.41,10.5,0.75,0.82,1.85,2.7,0,0
1,11,5,1.48,2.36,2.59,1.47,1,3,1.1,0.58,0.33,0.16,7.79,8.48,0.27,0.6,3.23,4.78,0,2
0,8,7,0.45,0.57,1.84,0.75,3,2,0.82,1.97,0.24,0.12,12.15,7.86,0.57,0.3,4.0,3.7,0,1
0,14,14,0.56,0.37,3.31,1.97,1,0,2.46,1.0,0.23,0.32,10.5,12.08,0.82,0.25,2.7,2.27,0,1
0,14,8,1.03,1.08,3.09,0.92,2,2,1.27,2.81,0.03,0.22,16.41,16.2,0.75,0.93,1.85,2.61,0,1
1,3,8,2.07,0.45,1.29,1.84,4,3,2.26,0.82,0.02,0.24,7.96,12.15,0.82,0.57,3.38,4.0,0,1
1,6,11,0.43,0.37,0.73,1.12,3,2,2.34,1.41,0.34,0.19,16.6,7.72,0.37,0.41,3.66,3.24,0,1
0,11,3,1.48,0.45,2.59,1.26,1,4,1.1,1.35,0.33,0.08,7.79,17.44,0.27,0.9,3.23,3.37,1,1
1,3,6,0.45,1.42,1.26,1.81,4,2,1.35,2.9,0.08,0.04,17.44,7.42,0.9,1.14,3.37,3.97,1,2
0,8,8,1.08,2.08,0.92,2.13,2,2,2.81,1.75,0.22,0.09,16.2,16.86,0.93,1.37,2.61,3.0,0,0
2,5,7,1.75,1.83,0.55,0.59,4,3,0.91,2.92,0.19,0.29,17.86,12.05,1.29,1.34,3.93,2.82,0,1
0,3,7,2.07,1.83,1.29,0.59,4,3,2.26,2.92,0.02,0.29,7.96,12.05,0.82,1.34,3.38,2.82,1,1
0,2,11,1.47,1.48,0.37,2.59,5,1,2.26,1.1,0.31,0.33,17.83,7.79,1.59,0.27,3.31,3.23,0,1
0,8,7,2.08,1.83,2.13,0.59,2,3,1.75,2.92,0.09,0.29,16.86,12.05,1.37,1.34,3.0,2.82,1,2
1,2,3,1.47,0.45,0.37,1.26,5,4,2.26,1.35,0.31,0.08,17.83,17.44,1.59,0.9,3.31,3.37,1,1
0,8,1,0.45,3.01,1.84,1.02,3,5,0.82,2.62,0.24,0.08,12.15,11.31,0.57,0.77,4.0,4.5,0,0
2,6,5,1.74,2.36,0.53,1.47,4,3,1.85,0.58,0.39,0.16,11.89,8.48,0.23,0.6,3.47,4.78,0,0
1,7,3,1.34,0.45,1.71,1.26,4,4,0.98,1.35,0.05,0.08,10.6,17.44,0.86,0.9,3.57,3.37,1,2
2,13,9,1.12,0.68,2.15,1.49,2,3,2.32,1.0,0.27,0.16,17.65,17.94,0.42,1.03,2.43,3.14,1,2
2,9,5,0.68,2.36,1.49,1.47,3,3,1.0,0.58,0.16,0.16,17.94,8.48,1.03,0.6,3.14,4.78,0,0
1,6,3,1.42,2.07,1.81,1.29,2,4,2.9,2.26,0.04,0.02,7.42,7.96,1.14,0.82,3.97,3.38,0,0
1,14,4,0.37,2.04,1.97,1.69,0,3,1.0,1.51,0.32,0.17,12.08,16.2,0.25,0.69,2.27,3.41,0,0
0,6,13,1.42,0.66,1.81,3.32,2,2,2.9,0.68,0.04,0.11,7.42,8.45,1.14,0.83,3.97,2.65,0,1
1,11,6,0.37,1.42,1.12,1.81,2,2,1.41,2.9,0.19,0.04,7.72,7.42,0.41,1.14,3.24,3.97,0,0
1,14,11,1.03,1.48,3.09,2.59,2,1,1.27,1.1,0.03,0.33,16.41,7.79,0.75,0.27,1.85,3.23,1,0
1,13,5,0.9,2.36,2.66,1.47,1,3,0.66,0.58,0.19,0.16,17.95,8.48,0.55,0.6,2.86,4.78,0,1
0,1,5,1.06,1.75,0.92,0.55,4,4,1.49,0.91,0.34,0.19,8.9,17.86,0.95,1.29,5.0,3.93,0,0
0,13,6,0.66,1.74,3.32,0.53,2,4,0.68,1.85,0.11,0.39,8.45,11.89,0.83,0.23,2.65,3.47,1,1
2,14,14,1.03,0.56,3.09,3.31,2,1,1.27,2.46,0.03,0.23,16.41,10.5,0.75,0.82,1.85,2.7,1,1
0,3,14,2.07,0.37,1.29,1.97,4,0,2.26,1.0,0.02,0.32,7.96,12.08,0.82,0.25,3.38,2.27,1,2
1,14,6,1.03,1.74,3.09,0.53,2,4,1.27,1.85,0.03,0.39,16.41,11.89,0.75,0.23,1.85,3.47,0,2
0,6,4,1.42,2.04,1.81,1.69,2,3,2.9,1.51,0.04,0.17,7.42,16.2,1.14,0.69,3.97,3.41,0,1
2,8,1,0.45,1.06,1.84,0.92,3,4,0.82,1.49,0.24,0.34,12.15,8.9,0.57,0.95,4.0,5.0,1,1
0,14,6,0.56,1.74,3.31,0.53,1,4,2.46,1.85,0.23,0.39,10.5,11.89,0.82,0.23,2.7,3.47,1,1
2,2,11,1.47,1.48,0.37,2.59,5,1,2.26,1.1,0.31,0.33,17.83,7.79,1.59,0.27,3.31,3.23,0,0
0,8,14,0.45,0.56,1.84,3.31,3,1,0.82,2.46,0.24,0.23,12.15,10.5,0.57,0.82,4.0,2.7,1,1
1,6,1,1.42,3.01,1.81,1.02,2,5,2.9,2.62,0.04,0.08,7.42,11.31,1.14,0.77,3.97,4.5,1,0
0,6,1,0.43,3.01,0.73,1.02,3,5,2.34,2.62,0.34,0.08,16.6,11.31,0.37,0.77,3.66,4.5,0,0
2,3,6,0.45,0.43,1.26,0.73,4,3,1.35,2.34,0.08,0.34,17.44,16.6,0.9,0.37,3.37,3.66,1,0
0,11,14,1.48,0.56,2.59,3.31,1,1,1.1,2.46,0.33,0.23,7.79,10.5,0.27,0.82,3.23,2.7,1,1
1,1,8,3.01,2.08,1.02,2.13,5,2,2.62,1.75,0.08,0.09,11.31,16.86,0.77,1.37,4.5,3.0,1,1
2,4,3,2.04,0.45,1.69,1.26,3,4,1.51,1.35,0.17,0.08,16.2,17.44,0.69,0.9,3.41,3.37,1,1
2,7,2,1.83,1.32,0.59,0.95,3,4,2.92,2.79,0.29,0.23,12.05,8.44,1.34,0.77,2.82,4.57,0,2
2,13,13,0.66,0.9,3.32,2.66,2,1,0.68,0.66,0.11,0.19,8.45,17.95,0.83,0.55,2.65,2.86,1,1
0,2,14,0.48,1.03,1.06,3.09,4,2,1.84,1.27,0.13,0.03,13.33,16.41,0.49,0.75,4.24,1.85,1,0
2,1,3,3.01,0.45,1.02,1.26,5,4,2.62,1.35,0.08,0.08,11.31,17.44,0.77,0.9,4.5,3.37,0,2
2,7,13,0.57,1.12,0.75,2.15,2,2,1.97,2.32,0.12,0.27,7.86,17.65,0.3,0.42,3.7,2.43,0,1
2,13,2,0.9,0.48,2.66,1.06,1,4,0.66,1.84,0.19,0.13,17.95,13.33,0.55,0.49,2.86,4.24,1,1
2,2,14,0.48,1.03,1.06,3.09,4,2,1.84,1.27,0.13,0.03,13.33,16.41,0.49,0.75,4.24,1.85,0,1
1,11,7,0.4,0.57,2.65,0.75,1,2,1.99,1.97,0.31,0.12,10.45,7.86,0.74,0.3,2.77,3.7,1,1
0,6,13,1.42,0.66,1.81,3.32,2,2,2.9,0.68,0.04,0.11,7.42,8.45,1.14,0.83,3.97,2.65,1,1
0,11,11,0.37,1.09,1.12,2.61,2,2,1.41,1.05,0.19,0.5,7.72,11.62,0.41,0.24,3.24,2.27,0,0
2,8,3,0.45,2.07,1.84,1.29,3,4,0.82,2.26,0.24,0.02,12.15,7.96,0.57,0.82,4.0,3.38,0,0
1,7,2,0.57,1.47,0.75,0.37,2,5,1.97,2.26,0.12,0.31,7.86,17.83,0.3,1.59,3.7,3.31,1,0
0,6,11,0.43,1.09,0.73,2.61,3,2,2.34,1.05,0.34,0.5,16.6,11.62,0.37,0.24,3.66,2.27,0,1
1,9,4,0.68,2.04,1.49,1.69,3,3,1.0,1.51,0.16,0.17,17.94,16.2,1.03,0.69,3.14,3.41,1,1
2,8,11,0.45,1.48,1.84,2.59,3,1,0.82,1.1,0.24,0.33,12.15,7.79,0.57,0.27,4.0,3.23,1,1
0,13,6,0.66,1.42,3.32,1.81,2,2,0.68,2.9,0.11,0.04,8.45,7.42,0.83,1.14,2.65,3.97,1,0
0,11,7,1.09,1.83,2.61,0.59,2,3,1.05,2.92,0.5,0.29,11.62,12.05,0.24,1.34,2.27,2.82,1,0
